,volume,vwap,open,close,high,low,datetime,trades
0,163507.0,677.3236,677.74,676.25,679.72,675.6,2026-03-03 04:00:00-05:00,797
1,30541.0,676.2525,676.2,676.2,676.51,676.09,2026-03-03 04:01:00-05:00,358
2,38384.0,676.2704,676.2,676.2,676.5,676.15,2026-03-03 04:02:00-05:00,401
3,15279.0,676.2185,676.2,676.45,676.45,676.19,2026-03-03 04:03:00-05:00,121
4,35722.0,676.4541,676.45,676.31,676.6,676.31,2026-03-03 04:04:00-05:00,220
5,19643.0,676.5693,676.3,676.72,676.72,676.2,2026-03-03 04:05:00-05:00,154
6,10345.0,676.6459,676.71,676.63,676.76,676.5,2026-03-03 04:06:00-05:00,129
7,13893.0,676.2155,676.56,676.33,676.61,676.1,2026-03-03 04:07:00-05:00,159
8,3985.0,676.7097,676.46,676.79,676.79,676.46,2026-03-03 04:08:00-05:00,51
9,15199.0,676.84,676.76,677.09,677.18,676.76,2026-03-03 04:09:00-05:00,228
10,6290.0,676.8182,677.0,676.68,677.06,676.6,2026-03-03 04:10:00-05:00,80
11,3279.0,676.8167,676.71,677.01,677.01,676.7,2026-03-03 04:11:00-05:00,76
12,1659.0,676.6769,676.92,676.5,676.92,676.45,2026-03-03 04:12:00-05:00,55
13,1971.0,676.488,676.45,676.44,676.52,676.4,2026-03-03 04:13:00-05:00,41
14,4690.0,676.737,676.61,676.69,676.83,676.61,2026-03-03 04:14:00-05:00,77
15,2722.0,676.503,676.65,676.63,676.65,676.31,2026-03-03 04:15:00-05:00,58
16,816.0,676.3384,676.4,676.37,676.4,676.3,2026-03-03 04:16:00-05:00,19
17,2233.0,676.4921,676.43,676.5,676.55,676.43,2026-03-03 04:17:00-05:00,57
18,4104.0,676.404,676.48,676.15,676.48,676.15,2026-03-03 04:18:00-05:00,66
19,1797.0,676.2096,676.17,676.36,676.36,676.1,2026-03-03 04:19:00-05:00,52
20,1078.0,676.3982,676.29,676.37,676.53,676.29,2026-03-03 04:20:00-05:00,35
21,7533.0,676.3603,676.36,676.21,676.39,676.21,2026-03-03 04:21:00-05:00,77
22,664.0,676.2319,676.18,676.27,676.3,676.11,2026-03-03 04:22:00-05:00,22
23,1376.0,676.2284,676.21,676.31,676.31,676.2,2026-03-03 04:23:00-05:00,41
24,4800.0,676.411,676.22,676.7,676.7,676.22,2026-03-03 04:24:00-05:00,52
25,9859.0,676.7905,676.73,676.28,676.89,676.28,2026-03-03 04:25:00-05:00,126
26,5224.0,676.164,676.33,675.95,676.4,675.95,2026-03-03 04:26:00-05:00,94
27,4348.0,676.0849,675.93,675.98,676.1,675.93,2026-03-03 04:27:00-05:00,27
28,8136.0,675.9836,675.98,675.98,676.04,675.88,2026-03-03 04:28:00-05:00,94
29,2683.0,676.0393,676.07,676.1,676.13,675.91,2026-03-03 04:29:00-05:00,49
30,7950.0,676.1107,676.05,676.12,676.24,676.0,2026-03-03 04:30:00-05:00,81
31,1407.0,676.1516,676.28,676.0,676.28,676.0,2026-03-03 04:31:00-05:00,39
32,2045.0,675.9302,675.88,675.88,676.07,675.8,2026-03-03 04:32:00-05:00,38
33,1633.0,676.0537,676.0,676.24,676.24,675.99,2026-03-03 04:33:00-05:00,48
34,1361.0,675.864,675.89,675.95,675.95,675.77,2026-03-03 04:34:00-05:00,29
35,11895.0,675.837,675.8,675.73,676.02,675.66,2026-03-03 04:35:00-05:00,157
36,617.0,675.8977,675.75,676.07,676.11,675.75,2026-03-03 04:36:00-05:00,17
37,3953.0,675.9178,675.86,676.07,676.07,675.86,2026-03-03 04:37:00-05:00,71
38,26335.0,676.4815,676.18,676.5,676.56,676.18,2026-03-03 04:38:00-05:00,154
39,4599.0,676.3534,676.55,676.28,676.57,676.22,2026-03-03 04:39:00-05:00,72
40,7441.0,676.3188,676.34,676.29,676.45,676.23,2026-03-03 04:40:00-05:00,113
41,589.0,676.1647,676.2,676.24,676.24,676.12,2026-03-03 04:41:00-05:00,30
42,3707.0,676.2493,676.4,675.9,676.4,675.9,2026-03-03 04:42:00-05:00,105
43,2383.0,675.8407,675.94,675.69,675.99,675.69,2026-03-03 04:43:00-05:00,37
44,5658.0,675.537,675.7,675.55,675.7,675.48,2026-03-03 04:44:00-05:00,123
45,3950.0,675.3701,675.45,675.3,675.46,675.3,2026-03-03 04:45:00-05:00,93
46,27420.0,675.239,675.27,675.11,675.4,675.02,2026-03-03 04:46:00-05:00,312
47,3669.0,675.3841,675.09,675.46,675.58,675.09,2026-03-03 04:47:00-05:00,68
48,3860.0,675.4281,675.49,675.26,675.51,675.26,2026-03-03 04:48:00-05:00,51
49,10295.0,675.0144,675.2,674.93,675.2,674.9,2026-03-03 04:49:00-05:00,334
50,7149.0,674.9109,675.17,674.8,675.23,674.75,2026-03-03 04:50:00-05:00,121
51,5983.0,674.8942,674.79,674.6,675.04,674.6,2026-03-03 04:51:00-05:00,103
52,11340.0,674.6471,674.65,674.65,674.78,674.5,2026-03-03 04:52:00-05:00,160
53,4338.0,674.6216,674.57,674.67,674.8,674.49,2026-03-03 04:53:00-05:00,70
54,3932.0,674.7373,674.58,674.75,674.84,674.58,2026-03-03 04:54:00-05:00,53
55,3694.0,675.0775,675.0,675.06,675.2,675.0,2026-03-03 04:55:00-05:00,69
56,6084.0,674.8933,675.07,674.77,675.07,674.73,2026-03-03 04:56:00-05:00,70
57,1297.0,674.917,674.82,674.65,675.0,674.65,2026-03-03 04:57:00-05:00,18
58,3390.0,674.5882,674.58,674.69,674.69,674.52,2026-03-03 04:58:00-05:00,51
59,7183.0,674.5802,674.67,674.52,674.67,674.43,2026-03-03 04:59:00-05:00,94
60,4608.0,674.6496,674.61,674.88,674.88,674.4,2026-03-03 05:00:00-05:00,68
61,11778.0,674.392,674.76,674.39,674.76,674.29,2026-03-03 05:01:00-05:00,92
62,15730.0,674.3472,674.54,674.18,674.57,674.12,2026-03-03 05:02:00-05:00,221
63,2493.0,674.2214,674.18,674.35,674.36,674.06,2026-03-03 05:03:00-05:00,62
64,10140.0,674.7617,674.45,674.8,674.85,674.45,2026-03-03 05:04:00-05:00,119
65,3004.0,674.672,674.85,674.48,674.9,674.45,2026-03-03 05:05:00-05:00,35
66,11668.0,674.2723,674.52,674.08,674.52,674.02,2026-03-03 05:06:00-05:00,69
67,6104.0,674.0541,674.14,674.05,674.16,673.9,2026-03-03 05:07:00-05:00,181
68,12327.0,673.9942,673.99,674.03,674.11,673.95,2026-03-03 05:08:00-05:00,125
69,9999.0,673.9243,673.9,674.06,674.06,673.8,2026-03-03 05:09:00-05:00,129
70,3908.0,673.8181,673.91,673.89,673.91,673.74,2026-03-03 05:10:00-05:00,70
71,13739.0,673.8511,673.74,673.93,673.93,673.74,2026-03-03 05:11:00-05:00,71
72,6518.0,673.9845,673.98,674.09,674.09,673.76,2026-03-03 05:12:00-05:00,80
73,4939.0,674.0842,674.23,674.11,674.23,673.9,2026-03-03 05:13:00-05:00,72
74,8633.0,674.1849,674.14,674.15,674.27,674.04,2026-03-03 05:14:00-05:00,102
75,1158.0,674.0053,674.06,673.87,674.06,673.87,2026-03-03 05:15:00-05:00,28
76,2713.0,673.9167,673.93,673.9,673.95,673.9,2026-03-03 05:16:00-05:00,44
77,7218.0,674.2473,673.85,674.61,674.61,673.85,2026-03-03 05:17:00-05:00,90
78,2380.0,674.4428,674.44,674.5,674.52,674.35,2026-03-03 05:18:00-05:00,44
79,2814.0,674.2927,674.32,674.23,674.33,674.21,2026-03-03 05:19:00-05:00,43
80,2414.0,674.6163,674.21,674.72,674.73,674.21,2026-03-03 05:20:00-05:00,53
81,6467.0,674.8033,674.72,674.68,674.88,674.68,2026-03-03 05:21:00-05:00,92
82,3938.0,674.8196,674.61,674.85,674.85,674.61,2026-03-03 05:22:00-05:00,33
83,5563.0,674.6489,674.7,674.43,674.74,674.4,2026-03-03 05:23:00-05:00,63
84,9356.0,674.4044,674.48,674.49,674.49,674.26,2026-03-03 05:24:00-05:00,93
85,2208.0,674.4472,674.3,674.35,674.48,674.3,2026-03-03 05:25:00-05:00,32
86,4212.0,674.1029,674.22,674.03,674.22,673.97,2026-03-03 05:26:00-05:00,63
87,19701.0,674.2096,674.09,674.2,674.33,674.08,2026-03-03 05:27:00-05:00,179
88,4264.0,673.9664,674.22,674.04,674.23,673.92,2026-03-03 05:28:00-05:00,56
89,1661.0,673.9302,674.06,673.91,674.06,673.88,2026-03-03 05:29:00-05:00,30
90,1331.0,673.8472,673.85,673.82,673.92,673.77,2026-03-03 05:30:00-05:00,31
91,2465.0,673.8248,673.78,673.77,673.94,673.74,2026-03-03 05:31:00-05:00,45
92,2080.0,673.899,673.93,673.8,674.05,673.77,2026-03-03 05:32:00-05:00,26
93,13156.0,673.3736,673.75,673.18,673.75,673.09,2026-03-03 05:33:00-05:00,223
94,11784.0,673.1493,673.22,673.2,673.22,673.04,2026-03-03 05:34:00-05:00,95
95,2304.0,673.3239,673.3,673.33,673.4,673.19,2026-03-03 05:35:00-05:00,53
96,3449.0,673.2076,673.4,673.13,673.45,673.05,2026-03-03 05:36:00-05:00,70
97,6051.0,673.1867,673.19,673.2,673.28,673.1,2026-03-03 05:37:00-05:00,87
98,4735.0,673.0372,673.21,673.14,673.22,672.91,2026-03-03 05:38:00-05:00,140
99,4810.0,673.0755,673.01,673.15,673.3,673.01,2026-03-03 05:39:00-05:00,67
100,9524.0,673.6761,673.4,674.01,674.01,673.4,2026-03-03 05:40:00-05:00,141
101,7276.0,674.3132,674.1,674.27,674.52,674.05,2026-03-03 05:41:00-05:00,97
102,8193.0,674.3569,674.36,674.49,674.49,674.15,2026-03-03 05:42:00-05:00,80
103,11002.0,674.5257,674.48,674.67,674.69,674.37,2026-03-03 05:43:00-05:00,149
104,2025.0,674.376,674.52,674.19,674.57,674.19,2026-03-03 05:44:00-05:00,42
105,27149.0,674.9996,674.87,675.0,675.08,674.81,2026-03-03 05:45:00-05:00,252
106,9181.0,674.8888,675.0,674.78,675.0,674.6,2026-03-03 05:46:00-05:00,88
107,2251.0,675.0241,674.94,674.88,675.13,674.88,2026-03-03 05:47:00-05:00,38
108,641.0,674.6687,674.7,674.63,674.7,674.59,2026-03-03 05:48:00-05:00,26
109,1917.0,674.6226,674.55,674.52,674.73,674.5,2026-03-03 05:49:00-05:00,26
110,16210.0,674.8091,674.52,674.94,674.96,674.51,2026-03-03 05:50:00-05:00,227
111,13053.0,674.9196,674.89,674.72,674.98,674.72,2026-03-03 05:51:00-05:00,152
112,20667.0,674.4171,674.73,674.45,674.73,674.26,2026-03-03 05:52:00-05:00,202
113,4346.0,674.4978,674.53,674.37,674.67,674.36,2026-03-03 05:53:00-05:00,46
114,9793.0,674.314,674.36,674.25,674.38,674.2,2026-03-03 05:54:00-05:00,98
115,8973.0,674.0285,674.26,673.91,674.26,673.9,2026-03-03 05:55:00-05:00,75
116,13555.0,673.8997,673.92,673.86,673.96,673.77,2026-03-03 05:56:00-05:00,124
117,1539.0,673.7327,673.83,673.74,673.83,673.7,2026-03-03 05:57:00-05:00,26
118,992.0,673.7441,673.6,673.83,673.84,673.59,2026-03-03 05:58:00-05:00,31
119,30257.0,673.744,673.8,674.15,674.28,673.04,2026-03-03 05:59:00-05:00,341
120,5051.0,673.9319,674.07,673.89,674.17,673.73,2026-03-03 06:00:00-05:00,77
121,34050.0,673.8847,673.78,674.1,674.1,673.7,2026-03-03 06:01:00-05:00,301
122,5466.0,674.2434,674.12,674.51,674.51,674.01,2026-03-03 06:02:00-05:00,81
123,1558.0,674.4972,674.53,674.48,674.61,674.46,2026-03-03 06:03:00-05:00,50
124,7099.0,674.793,674.58,674.66,674.87,674.58,2026-03-03 06:04:00-05:00,91
125,3206.0,674.433,674.56,674.51,674.56,674.34,2026-03-03 06:05:00-05:00,36
126,4974.0,674.1705,674.45,674.17,674.45,674.0,2026-03-03 06:06:00-05:00,79
127,23427.0,674.0809,674.25,673.98,674.25,673.94,2026-03-03 06:07:00-05:00,135
128,2720.0,673.9703,674.2,673.91,674.2,673.86,2026-03-03 06:08:00-05:00,36
129,2672.0,674.0789,673.95,674.26,674.28,673.93,2026-03-03 06:09:00-05:00,39
130,11135.0,674.1444,674.13,674.08,674.21,674.01,2026-03-03 06:10:00-05:00,132
131,468.0,674.0021,674.14,674.0,674.14,673.93,2026-03-03 06:11:00-05:00,19
132,2439.0,674.2143,673.95,674.28,674.28,673.95,2026-03-03 06:12:00-05:00,31
133,469.0,674.1219,674.13,674.16,674.16,674.09,2026-03-03 06:13:00-05:00,19
134,1705.0,673.9496,674.07,673.92,674.07,673.85,2026-03-03 06:14:00-05:00,42
135,793.0,674.144,674.08,674.23,674.23,674.06,2026-03-03 06:15:00-05:00,18
136,3019.0,673.6711,673.85,673.53,673.85,673.53,2026-03-03 06:16:00-05:00,56
137,7508.0,673.4346,673.5,673.37,673.55,673.25,2026-03-03 06:17:00-05:00,88
138,5746.0,673.0516,673.42,672.96,673.42,672.91,2026-03-03 06:18:00-05:00,97
139,3138.0,673.0037,673.01,673.16,673.16,672.91,2026-03-03 06:19:00-05:00,47
140,26272.0,672.4799,673.2,672.46,673.2,672.2,2026-03-03 06:20:00-05:00,360
141,9485.0,673.1421,672.51,673.42,673.47,672.51,2026-03-03 06:21:00-05:00,112
142,3098.0,673.4068,673.48,673.32,673.55,673.22,2026-03-03 06:22:00-05:00,53
143,9965.0,673.5334,673.14,673.79,673.79,673.09,2026-03-03 06:23:00-05:00,107
144,6487.0,673.9574,673.74,674.18,674.18,673.72,2026-03-03 06:24:00-05:00,88
145,11516.0,674.5034,674.3,674.36,674.67,674.3,2026-03-03 06:25:00-05:00,125
146,4568.0,674.4451,674.33,674.42,674.61,674.32,2026-03-03 06:26:00-05:00,69
147,3372.0,674.4565,674.39,674.45,674.51,674.38,2026-03-03 06:27:00-05:00,40
148,3614.0,674.6837,674.43,674.51,674.8,674.43,2026-03-03 06:28:00-05:00,50
149,3355.0,674.2164,674.44,674.12,674.44,674.06,2026-03-03 06:29:00-05:00,49
150,3386.0,674.5419,674.31,674.77,674.77,674.31,2026-03-03 06:30:00-05:00,41
151,2134.0,674.7452,674.79,674.65,674.81,674.63,2026-03-03 06:31:00-05:00,45
152,1587.0,674.6325,674.5,674.78,674.79,674.46,2026-03-03 06:32:00-05:00,38
153,609.0,674.573,674.52,674.68,674.75,674.41,2026-03-03 06:33:00-05:00,13
154,5639.0,674.7027,674.73,674.7,674.8,674.55,2026-03-03 06:34:00-05:00,81
155,12090.0,674.934,674.6,675.2,675.2,674.47,2026-03-03 06:35:00-05:00,125
156,13223.0,675.2549,675.25,675.22,675.4,675.07,2026-03-03 06:36:00-05:00,127
157,11489.0,675.3639,675.16,675.01,675.5,675.01,2026-03-03 06:37:00-05:00,114
158,3609.0,674.8298,675.08,674.76,675.08,674.76,2026-03-03 06:38:00-05:00,45
159,3601.0,675.0796,675.05,675.04,675.14,675.04,2026-03-03 06:39:00-05:00,39
160,585.0,674.9167,674.83,674.99,675.01,674.8,2026-03-03 06:40:00-05:00,16
161,4976.0,675.0716,674.99,675.12,675.23,674.98,2026-03-03 06:41:00-05:00,54
162,6514.0,675.167,675.11,675.0,675.3,675.0,2026-03-03 06:42:00-05:00,72
163,2252.0,675.0026,675.06,674.98,675.1,674.94,2026-03-03 06:43:00-05:00,37
164,2123.0,675.2381,675.04,675.33,675.39,675.03,2026-03-03 06:44:00-05:00,27
165,15444.0,675.4687,675.38,675.49,675.55,675.35,2026-03-03 06:45:00-05:00,181
166,9938.0,675.6458,675.55,675.64,675.71,675.53,2026-03-03 06:46:00-05:00,88
167,6608.0,675.3667,675.5,675.22,675.5,675.2,2026-03-03 06:47:00-05:00,94
168,2378.0,675.0881,675.21,675.07,675.23,674.99,2026-03-03 06:48:00-05:00,45
169,1211.0,675.0383,675.0,675.01,675.14,675.0,2026-03-03 06:49:00-05:00,30
170,2150.0,675.1737,675.08,675.2,675.29,675.07,2026-03-03 06:50:00-05:00,38
171,5617.0,675.1482,675.23,675.15,675.29,675.1,2026-03-03 06:51:00-05:00,70
172,7078.0,674.9002,675.0,674.88,675.0,674.82,2026-03-03 06:52:00-05:00,101
173,13778.0,675.1956,675.07,675.06,675.25,675.03,2026-03-03 06:53:00-05:00,95
174,7320.0,675.3857,675.09,675.51,675.59,675.08,2026-03-03 06:54:00-05:00,88
175,3891.0,675.4729,675.52,675.44,675.57,675.39,2026-03-03 06:55:00-05:00,59
176,946.0,675.1862,675.2,675.04,675.2,675.04,2026-03-03 06:56:00-05:00,24
177,4592.0,675.0313,675.1,675.0,675.13,674.96,2026-03-03 06:57:00-05:00,58
178,2982.0,674.9987,675.0,675.08,675.09,674.8,2026-03-03 06:58:00-05:00,60
179,3264.0,675.1053,675.1,675.15,675.27,675.0,2026-03-03 06:59:00-05:00,54
180,50775.0,675.304,675.14,675.12,675.52,675.0,2026-03-03 07:00:00-05:00,845
181,27468.0,675.2145,675.21,674.98,675.43,674.98,2026-03-03 07:01:00-05:00,381
182,12104.0,675.1913,675.1,675.38,675.4,675.05,2026-03-03 07:02:00-05:00,127
183,21513.0,675.2884,675.29,675.61,675.61,675.19,2026-03-03 07:03:00-05:00,163
184,29899.0,675.7925,675.58,675.62,676.06,675.46,2026-03-03 07:04:00-05:00,264
185,17684.0,675.5662,675.63,675.639,675.69,675.39,2026-03-03 07:05:00-05:00,187
186,32181.0,675.79,675.6,675.62,676.0,675.47,2026-03-03 07:06:00-05:00,315
187,10340.0,675.7011,675.66,675.69,675.84,675.61,2026-03-03 07:07:00-05:00,127
188,3339.0,675.5079,675.62,675.66,675.68,675.42,2026-03-03 07:08:00-05:00,64
189,27496.0,675.8429,675.72,676.34,676.4,675.62,2026-03-03 07:09:00-05:00,265
190,23973.0,676.3936,676.19,676.44,676.5,676.12,2026-03-03 07:10:00-05:00,255
191,22517.0,676.7965,676.48,676.88,676.88,676.43,2026-03-03 07:11:00-05:00,201
192,19751.0,676.9034,676.86,676.55,677.08,676.53,2026-03-03 07:12:00-05:00,184
193,5980.0,676.4774,676.48,676.36,676.59,676.36,2026-03-03 07:13:00-05:00,122
194,2497.0,676.5149,676.29,676.5,676.689,676.29,2026-03-03 07:14:00-05:00,57
195,34068.0,676.4209,676.54,676.55,676.55,676.24,2026-03-03 07:15:00-05:00,318
196,8713.0,676.3433,676.44,676.45,676.47,676.22,2026-03-03 07:16:00-05:00,110
197,11154.0,676.4525,676.5,676.61,676.61,676.18,2026-03-03 07:17:00-05:00,135
198,8842.0,676.7565,676.61,676.85,676.89,676.61,2026-03-03 07:18:00-05:00,92
199,8622.0,676.7724,676.88,676.84,676.89,676.54,2026-03-03 07:19:00-05:00,116
200,15516.0,677.0265,676.86,677.14,677.23,676.6,2026-03-03 07:20:00-05:00,210
201,24632.0,677.3907,677.14,677.76,677.87,677.14,2026-03-03 07:21:00-05:00,285
202,28618.0,677.6387,677.76,677.56,677.86,677.37,2026-03-03 07:22:00-05:00,294
203,33238.0,677.1299,677.61,677.15,677.66,676.97,2026-03-03 07:23:00-05:00,279
204,3579.0,677.1247,677.21,677.05,677.26,676.94,2026-03-03 07:24:00-05:00,69
205,8896.0,676.9865,677.03,677.23,677.23,676.84,2026-03-03 07:25:00-05:00,117
206,6383.0,677.308,677.21,677.33,677.41,677.21,2026-03-03 07:26:00-05:00,88
207,6382.0,677.2134,677.18,677.26,677.31,677.13,2026-03-03 07:27:00-05:00,115
208,3822.0,677.1407,677.18,677.05,677.21,677.05,2026-03-03 07:28:00-05:00,71
209,2983.0,677.0746,677.01,677.0,677.13,677.0,2026-03-03 07:29:00-05:00,65
210,14294.0,676.9676,677.0,676.88,677.03,676.83,2026-03-03 07:30:00-05:00,195
211,2080.0,676.7612,676.86,676.75,676.86,676.74,2026-03-03 07:31:00-05:00,48
212,10858.0,676.566,676.699,676.41,676.7,676.41,2026-03-03 07:32:00-05:00,169
213,2402.0,676.5029,676.54,676.48,676.54,676.44,2026-03-03 07:33:00-05:00,48
214,7983.0,676.6651,676.57,676.85,676.85,676.57,2026-03-03 07:34:00-05:00,97
215,21600.0,676.7978,676.97,676.605,676.98,676.56,2026-03-03 07:35:00-05:00,142
216,10298.0,676.763,676.58,676.58,676.845,676.58,2026-03-03 07:36:00-05:00,82
217,1066.0,676.8786,676.67,676.83,676.95,676.67,2026-03-03 07:37:00-05:00,42
218,1393.0,676.8098,676.75,676.82,676.93,676.72,2026-03-03 07:38:00-05:00,46
219,12161.0,677.043,676.94,676.79,677.22,676.73,2026-03-03 07:39:00-05:00,135
220,2199.0,676.7778,676.88,676.75,676.9,676.71,2026-03-03 07:40:00-05:00,39
221,2640.0,676.7106,676.6,676.87,676.87,676.55,2026-03-03 07:41:00-05:00,49
222,3859.0,676.9869,676.85,677.23,677.23,676.68,2026-03-03 07:42:00-05:00,49
223,16560.0,677.1664,677.22,677.109,677.24,677.01,2026-03-03 07:43:00-05:00,147
224,10886.0,677.1564,677.12,677.19,677.24,677.12,2026-03-03 07:44:00-05:00,118
225,7470.0,677.2535,677.2,677.39,677.39,677.14,2026-03-03 07:45:00-05:00,96
226,13893.0,677.4636,677.39,677.54,677.59,677.26,2026-03-03 07:46:00-05:00,121
227,7063.0,677.4615,677.56,677.37,677.61,677.35,2026-03-03 07:47:00-05:00,65
228,14668.0,677.3382,677.55,677.2,677.55,677.16,2026-03-03 07:48:00-05:00,175
229,23431.0,677.4684,677.16,677.6,677.7,677.08,2026-03-03 07:49:00-05:00,247
230,10318.0,677.4883,677.48,677.36,677.55,677.33,2026-03-03 07:50:00-05:00,77
231,22406.0,677.1683,677.36,677.28,677.55,676.7,2026-03-03 07:51:00-05:00,255
232,19046.0,676.7318,677.23,676.68,677.23,676.63,2026-03-03 07:52:00-05:00,215
233,24516.0,676.553,676.7,676.61,676.7,676.46,2026-03-03 07:53:00-05:00,326
234,41101.0,676.8224,676.72,676.93,676.99,676.59,2026-03-03 07:54:00-05:00,493
235,25230.0,677.0551,676.93,677.26,677.26,676.91,2026-03-03 07:55:00-05:00,299
236,2860.0,677.2152,677.36,677.11,677.42,677.06,2026-03-03 07:56:00-05:00,40
237,21679.0,677.1802,677.08,677.24,677.29,676.95,2026-03-03 07:57:00-05:00,207
238,5445.0,677.1653,677.21,677.25,677.29,677.03,2026-03-03 07:58:00-05:00,73
239,4048.0,677.1717,677.3,677.09,677.31,677.07,2026-03-03 07:59:00-05:00,64
240,5620.421921,677.1188,677.18,677.06,677.2,677.03,2026-03-03 08:00:00-05:00,130
241,14086.616381,676.8973,677.09,676.8,677.1,676.78,2026-03-03 08:01:00-05:00,195
242,13336.845924,676.6736,676.84,676.77,676.8496,676.49,2026-03-03 08:02:00-05:00,226
243,7440.047883,676.6808,676.75,676.6,676.8,676.6,2026-03-03 08:03:00-05:00,141
244,7130.067383,676.5997,676.6,676.63,676.77,676.44,2026-03-03 08:04:00-05:00,155
245,19714.56134,676.6467,676.6,676.6,676.84,676.51,2026-03-03 08:05:00-05:00,253
246,8683.786947,676.5792,676.58,676.51,676.73,676.5,2026-03-03 08:06:00-05:00,167
247,13743.155982,676.4043,676.5,676.37,676.51,676.33,2026-03-03 08:07:00-05:00,209
248,13881.068434,676.3383,676.34,676.51,676.51,676.28,2026-03-03 08:08:00-05:00,175
249,19745.446723,676.4335,676.5,676.3,676.51,676.3,2026-03-03 08:09:00-05:00,268
250,6682.292164,676.7517,676.32,676.4089,676.45,676.26,2026-03-03 08:10:00-05:00,114
251,7518.431441,676.5315,676.35,676.49,676.6,676.35,2026-03-03 08:11:00-05:00,153
252,16755.006051,676.2762,676.5,676.15,676.55,676.15,2026-03-03 08:12:00-05:00,224
253,28358.133223,676.1654,676.17,676.41,676.44,676.01,2026-03-03 08:13:00-05:00,405
254,18281.277742,676.7197,676.44,676.67,676.8,676.44,2026-03-03 08:14:00-05:00,239
255,7104.594832,676.5523,676.65,676.52,676.75,676.42,2026-03-03 08:15:00-05:00,166
256,8787.5519,676.5855,676.63,676.75,676.76,676.43,2026-03-03 08:16:00-05:00,169
257,14468.00574,676.8905,676.78,676.74,677.005,676.67,2026-03-03 08:17:00-05:00,203
258,19328.490394,676.9183,676.8945,676.86,677.1,676.75,2026-03-03 08:18:00-05:00,244
259,13035.70648,676.7485,676.87,676.77,676.87,676.67,2026-03-03 08:19:00-05:00,216
260,19167.49852,677.005,676.76,677.193,677.2,676.76,2026-03-03 08:20:00-05:00,222
261,12248.223747,677.0831,677.18,677.1,677.26,676.82,2026-03-03 08:21:00-05:00,295
262,9054.071547,677.0748,677.12,676.92,677.19,676.92,2026-03-03 08:22:00-05:00,242
263,25029.249974,676.7646,676.92,676.32,677.14,676.32,2026-03-03 08:23:00-05:00,435
264,30892.523306,676.3139,676.36,676.46,676.5,676.15,2026-03-03 08:24:00-05:00,457
265,16241.156468,676.3186,676.48,676.2751,676.48,676.16,2026-03-03 08:25:00-05:00,235
266,21360.665666,676.1203,676.32,676.0793,676.33,676.04,2026-03-03 08:26:00-05:00,297
267,15708.769253,676.1152,676.02,676.08,676.22,676.02,2026-03-03 08:27:00-05:00,211
268,21649.070314,675.8801,676.0731,675.76,676.08,675.72,2026-03-03 08:28:00-05:00,486
269,11018.037326,675.9471,675.75,675.99,676.05,675.73,2026-03-03 08:29:00-05:00,225
270,33348.795209,675.7055,675.9752,675.5377,676.03,675.51,2026-03-03 08:30:00-05:00,537
271,39454.983498,675.36,675.56,675.02,675.59,675.01,2026-03-03 08:31:00-05:00,700
272,36030.033924,675.0557,675.08,674.94,675.21,674.9,2026-03-03 08:32:00-05:00,709
273,28687.055708,675.0718,674.95,675.41,675.4692,674.74,2026-03-03 08:33:00-05:00,488
274,22783.204482,675.2651,675.38,675.39,675.39,675.1,2026-03-03 08:34:00-05:00,389
275,27116.811532,675.007,675.35,675.0,675.57,674.73,2026-03-03 08:35:00-05:00,503
276,39712.793309,674.8727,674.95,674.86,675.01,674.64,2026-03-03 08:36:00-05:00,555
277,32506.093924,674.6526,674.81,674.59,674.9,674.5,2026-03-03 08:37:00-05:00,455
278,17746.229738,674.718,674.59,674.99,675.0,674.51,2026-03-03 08:38:00-05:00,348
279,38479.214979,674.9241,674.94,674.96,675.11,674.69,2026-03-03 08:39:00-05:00,547
280,12207.635738,674.9667,675.01,674.99,675.23,674.72,2026-03-03 08:40:00-05:00,280
281,41146.599219,675.0918,674.99,675.18,675.24,674.98,2026-03-03 08:41:00-05:00,564
282,44905.3876,674.9682,675.32,674.86,675.32,674.66,2026-03-03 08:42:00-05:00,607
283,16075.990387,674.6197,674.83,674.7084,674.83,674.4814,2026-03-03 08:43:00-05:00,355
284,19358.865662,674.8381,674.64,674.83,675.01,674.64,2026-03-03 08:44:00-05:00,337
285,14733.392983,674.6872,674.79,674.59,674.89,674.48,2026-03-03 08:45:00-05:00,359
286,25087.550883,674.5544,674.61,674.37,674.69,674.34,2026-03-03 08:46:00-05:00,427
287,18791.261737,674.4988,674.4,674.3,674.53,674.24,2026-03-03 08:47:00-05:00,429
288,24013.919508,674.4213,674.34,674.6,674.6,674.16,2026-03-03 08:48:00-05:00,438
289,9785.491211,674.3825,674.4914,674.42,674.51,674.29,2026-03-03 08:49:00-05:00,287
290,19787.444601,674.4578,674.42,674.37,674.55,674.36,2026-03-03 08:50:00-05:00,460
291,14706.905157,674.2661,674.35,674.25,674.36,674.17,2026-03-03 08:51:00-05:00,349
292,60025.706267,674.0427,674.24,674.24,674.43,673.72,2026-03-03 08:52:00-05:00,953
293,19876.029129,674.6809,674.34,674.91,674.96,674.31,2026-03-03 08:53:00-05:00,353
294,41641.670991,674.6439,674.92,674.59,674.92,674.37,2026-03-03 08:54:00-05:00,717
295,12681.037455,674.5036,674.55,674.49,674.681,674.3311,2026-03-03 08:55:00-05:00,394
296,31859.868366,674.4373,674.44,674.44,674.6,674.3,2026-03-03 08:56:00-05:00,574
297,23914.516618,674.3297,674.44,674.37,674.46,674.21,2026-03-03 08:57:00-05:00,428
298,14240.148817,674.4438,674.36,674.44,674.54,674.26,2026-03-03 08:58:00-05:00,294
299,13795.929316,674.571,674.47,674.66,674.7,674.46,2026-03-03 08:59:00-05:00,288
300,9754.092485,674.5701,674.66,674.61,674.66,674.48,2026-03-03 09:00:00-05:00,290
301,18345.578989,674.4097,674.61,674.2,674.74,674.14,2026-03-03 09:01:00-05:00,437
302,15025.713883,674.29,674.22,674.37,674.47,674.1,2026-03-03 09:02:00-05:00,360
303,13122.386209,674.1809,674.41,674.17,674.41,674.04,2026-03-03 09:03:00-05:00,344
304,8458.174552,674.2345,674.22,674.3,674.37,674.1,2026-03-03 09:04:00-05:00,195
305,11018.387953,674.4031,674.36,674.38,674.51,674.27,2026-03-03 09:05:00-05:00,253
306,15369.746256,674.5993,674.45,674.6,674.74,674.4,2026-03-03 09:06:00-05:00,322
307,21862.048717,674.6212,674.61,674.43,674.81,674.43,2026-03-03 09:07:00-05:00,487
308,17219.496657,674.3495,674.4,674.64,674.69,674.17,2026-03-03 09:08:00-05:00,401
309,10287.963603,674.6542,674.59,674.61,674.8,674.54,2026-03-03 09:09:00-05:00,240
310,18238.095859,674.2727,674.6,674.09,674.61,674.08,2026-03-03 09:10:00-05:00,439
311,25284.505526,673.9569,674.12,673.8047,674.14,673.69,2026-03-03 09:11:00-05:00,575
312,21805.876325,673.8496,673.82,674.0,674.02,673.71,2026-03-03 09:12:00-05:00,400
313,10445.09426,674.0815,673.96,674.12,674.17,673.94,2026-03-03 09:13:00-05:00,264
314,15809.02857,674.0185,674.11,674.06,674.18,673.9265,2026-03-03 09:14:00-05:00,309
315,28966.973637,674.259,674.07,674.17,674.61,674.07,2026-03-03 09:15:00-05:00,374
316,44878.752788,673.916,674.27,673.75,674.27,673.75,2026-03-03 09:16:00-05:00,666
317,24367.464294,673.9017,673.85,674.27,674.34,673.77,2026-03-03 09:17:00-05:00,394
318,12523.618838,674.3662,674.29,674.56,674.59,674.23,2026-03-03 09:18:00-05:00,259
319,18569.69256,674.4951,674.58,674.3765,674.66,674.37,2026-03-03 09:19:00-05:00,382
320,25505.211388,674.5156,674.36,674.5,674.64,674.36,2026-03-03 09:20:00-05:00,390
321,14717.668938,674.5565,674.49,674.64,674.69,674.42,2026-03-03 09:21:00-05:00,308
322,31790.64153,674.9852,674.61,675.09,675.16,674.61,2026-03-03 09:22:00-05:00,460
323,25427.814347,675.0406,675.11,675.11,675.2,674.9,2026-03-03 09:23:00-05:00,397
324,16240.803626,675.1351,675.14,674.8078,675.31,674.8,2026-03-03 09:24:00-05:00,330
325,10698.096876,675.0043,674.78,674.84,675.1881,674.78,2026-03-03 09:25:00-05:00,264
326,26622.146571,675.029,674.84,675.09,675.16,674.84,2026-03-03 09:26:00-05:00,421
327,30094.559665,675.0236,675.01,675.11,675.15,674.99,2026-03-03 09:27:00-05:00,389
328,30947.322364,674.9708,675.07,675.0,675.16,674.84,2026-03-03 09:28:00-05:00,574
329,72470.449113,674.9951,674.96,675.0,675.16,674.66,2026-03-03 09:29:00-05:00,722
330,1339871.783095,675.3453,675.06,676.21,676.26,674.85,2026-03-03 09:30:00-05:00,19652
331,937289.067494,676.1516,676.18,676.28,676.41,675.72,2026-03-03 09:31:00-05:00,12598
332,555944.557173,676.0907,676.26,675.81,676.44,675.66,2026-03-03 09:32:00-05:00,8801
333,642465.919644,677.8798,675.8,675.77,676.04,675.46,2026-03-03 09:33:00-05:00,8155
334,662742.038488,675.2356,675.75,674.54,675.95,674.44,2026-03-03 09:34:00-05:00,9605
335,673230.799556,674.4868,674.55,674.91,675.31,674.125,2026-03-03 09:35:00-05:00,8729
336,664570.487276,675.6233,674.99,676.08,676.625,674.86,2026-03-03 09:36:00-05:00,10441
337,482714.692053,676.2222,676.08,676.6,676.64,675.86,2026-03-03 09:37:00-05:00,8108
338,393457.231568,676.6168,676.55,676.8,676.89,676.37,2026-03-03 09:38:00-05:00,6441
339,489650.430736,676.5692,676.82,675.76,677.1,675.75,2026-03-03 09:39:00-05:00,7961
340,353889.137783,675.4915,675.76,675.64,675.995,675.16,2026-03-03 09:40:00-05:00,5549
341,364782.879039,675.188,675.66,674.63,675.699,674.6,2026-03-03 09:41:00-05:00,5644
342,348276.036043,674.4979,674.62,674.37,674.8,674.23,2026-03-03 09:42:00-05:00,6440
343,346572.561707,674.0506,674.38,673.9807,674.49,673.71,2026-03-03 09:43:00-05:00,6661
344,438352.340423,673.6127,673.99,673.44,674.11,673.22,2026-03-03 09:44:00-05:00,7345
345,641332.447163,673.4733,673.44,674.13,674.18,672.98,2026-03-03 09:45:00-05:00,10135
346,742844.747589,678.5794,674.13,674.52,674.8,674.01,2026-03-03 09:46:00-05:00,6721
347,406232.353274,673.9438,674.55,673.7,674.7,673.38,2026-03-03 09:47:00-05:00,6966
348,402822.990861,673.3838,673.67,673.12,673.7,673.05,2026-03-03 09:48:00-05:00,5924
349,478858.790924,672.7828,673.12,672.47,673.34,672.46,2026-03-03 09:49:00-05:00,7757
350,784991.315772,672.5849,672.49,672.88,673.12,672.25,2026-03-03 09:50:00-05:00,10272
351,723565.64967,678.0135,672.9,673.1987,673.9291,672.84,2026-03-03 09:51:00-05:00,8418
352,297541.323964,673.2448,673.22,673.11,673.7,672.87,2026-03-03 09:52:00-05:00,6170
353,261191.166079,673.2892,673.07,673.46,673.615,672.895,2026-03-03 09:53:00-05:00,5350
354,382760.261757,673.1064,673.47,673.28,673.52,672.64,2026-03-03 09:54:00-05:00,6723
355,291410.896241,673.0366,673.26,673.2,673.48,672.68,2026-03-03 09:55:00-05:00,5153
356,240727.028804,672.8939,673.21,672.74,673.27,672.64,2026-03-03 09:56:00-05:00,4439
357,258813.227342,672.6893,672.7599,672.755,672.99,672.41,2026-03-03 09:57:00-05:00,5055
358,381719.929979,672.206,672.735,672.14,672.735,671.95,2026-03-03 09:58:00-05:00,6767
359,335701.873847,672.3152,672.14,672.38,672.63,672.02,2026-03-03 09:59:00-05:00,5637
360,652587.965459,673.2388,672.36,672.9,673.93,672.22,2026-03-03 10:00:00-05:00,10945
361,356484.596643,672.7723,672.9,672.34,673.4,672.33,2026-03-03 10:01:00-05:00,6369
362,221992.955635,672.4729,672.33,672.24,672.91,672.21,2026-03-03 10:02:00-05:00,4879
363,610932.295627,678.2906,672.25,672.34,672.73,672.05,2026-03-03 10:03:00-05:00,6777
364,560028.228496,672.0887,672.36,672.18,672.57,671.78,2026-03-03 10:04:00-05:00,9387
365,751995.939587,671.9901,672.16,672.33,672.44,671.63,2026-03-03 10:05:00-05:00,6673
366,453188.526545,672.7312,672.33,672.77,673.24,672.03,2026-03-03 10:06:00-05:00,7953
367,186387.23863,672.5838,672.76,672.09,673.01,672.08,2026-03-03 10:07:00-05:00,4228
368,273469.848727,671.999,672.11,671.91,672.21,671.72,2026-03-03 10:08:00-05:00,5638
369,293231.29747,672.4125,671.912,672.35,672.76,671.84,2026-03-03 10:09:00-05:00,5860
370,427595.820365,672.044,672.35,672.005,672.54,671.69,2026-03-03 10:10:00-05:00,7413
371,361181.306783,672.5692,672.02,672.5,673.0501,672.0,2026-03-03 10:11:00-05:00,6153
372,579921.028505,673.1512,672.51,672.83,673.56,672.37,2026-03-03 10:12:00-05:00,9182
373,273718.959887,672.6039,672.84,672.47,672.95,672.36,2026-03-03 10:13:00-05:00,4836
374,279421.760812,672.612,672.47,672.64,673.03,672.36,2026-03-03 10:14:00-05:00,5568
375,556835.741384,672.6056,672.62,672.44,672.95,672.38,2026-03-03 10:15:00-05:00,7110
376,421344.109355,672.0164,672.43,671.76,672.52,671.6,2026-03-03 10:16:00-05:00,8106
377,617812.963516,674.7945,671.785,671.48,671.86,671.35,2026-03-03 10:17:00-05:00,7681
378,770938.289461,678.7815,671.48,670.99,671.58,670.88,2026-03-03 10:18:00-05:00,8197
379,372982.558786,671.0904,671.02,671.06,671.255,670.945,2026-03-03 10:19:00-05:00,6157
380,415224.910251,670.8673,671.06,670.641,671.11,670.61,2026-03-03 10:20:00-05:00,6823
381,403683.856573,670.4782,670.64,670.33,670.7599,670.32,2026-03-03 10:21:00-05:00,6590
382,485993.746522,670.1738,670.33,669.95,670.41,669.91,2026-03-03 10:22:00-05:00,11225
383,471335.849921,670.2567,669.95,670.72,670.81,669.87,2026-03-03 10:23:00-05:00,7525
384,304120.25694,670.5224,670.72,670.45,670.7399,670.2701,2026-03-03 10:24:00-05:00,5278
385,293921.749314,670.1599,670.45,669.98,670.62,669.84,2026-03-03 10:25:00-05:00,5734
386,518335.91003,674.0164,669.99,669.85,670.34,669.74,2026-03-03 10:26:00-05:00,6507
387,431509.256386,669.9183,669.8488,670.07,670.14,669.66,2026-03-03 10:27:00-05:00,7184
388,406014.185466,669.9334,670.08,669.8,670.185,669.76,2026-03-03 10:28:00-05:00,6162
389,265128.916161,669.8345,669.805,669.85,670.0973,669.67,2026-03-03 10:29:00-05:00,5034
390,432755.631011,670.2312,669.85,670.21,670.52,669.78,2026-03-03 10:30:00-05:00,8089
391,612814.235669,671.1476,670.19,671.5725,671.8,670.11,2026-03-03 10:31:00-05:00,10896
392,477058.386906,671.4628,671.58,671.18,671.8744,671.09,2026-03-03 10:32:00-05:00,8112
393,220850.97829,671.0083,671.17,671.015,671.21,670.79,2026-03-03 10:33:00-05:00,4639
394,300726.683111,671.0336,671.0,671.03,671.26,670.72,2026-03-03 10:34:00-05:00,5678
395,283904.352147,671.2315,671.05,671.13,671.55,671.0,2026-03-03 10:35:00-05:00,5407
396,225704.455476,671.5514,671.13,671.82,672.23,670.82,2026-03-03 10:36:00-05:00,5099
397,252420.602445,671.8626,671.83,671.74,672.21,671.58,2026-03-03 10:37:00-05:00,4928
398,222115.062729,671.6426,671.72,671.6,671.87,671.47,2026-03-03 10:38:00-05:00,4710
399,259938.09158,671.7858,671.63,671.7,672.09,671.46,2026-03-03 10:39:00-05:00,5550
400,343792.749321,671.9522,671.68,672.09,672.49,671.3,2026-03-03 10:40:00-05:00,6777
401,700880.975669,677.4409,672.09,671.97,672.5,671.94,2026-03-03 10:41:00-05:00,7695
402,602754.880464,674.9803,671.93,672.04,672.42,671.76,2026-03-03 10:42:00-05:00,5007
403,263365.855659,671.4715,672.05,671.16,672.06,671.06,2026-03-03 10:43:00-05:00,5415
404,270262.071125,671.167,671.16,671.23,671.4,670.96,2026-03-03 10:44:00-05:00,5387
405,345787.741224,671.5624,671.23,671.42,671.91,671.2,2026-03-03 10:45:00-05:00,6411
406,195478.633672,671.5366,671.38,671.49,672.17,671.23,2026-03-03 10:46:00-05:00,4038
407,221791.239621,671.6143,671.48,671.72,671.9,671.2779,2026-03-03 10:47:00-05:00,4607
408,215420.234234,671.368,671.71,671.22,671.85,671.09,2026-03-03 10:48:00-05:00,4341
409,245500.556407,671.0224,671.25,671.3099,671.37,670.73,2026-03-03 10:49:00-05:00,5387
410,283718.999318,670.6969,671.26,670.79,671.26,670.34,2026-03-03 10:50:00-05:00,5615
411,209488.338631,670.7821,670.8,670.9,671.16,670.53,2026-03-03 10:51:00-05:00,4595
412,289631.756408,671.2073,670.86,671.02,671.6,670.77,2026-03-03 10:52:00-05:00,5756
413,208742.594974,670.8307,671.04,670.67,671.15,670.58,2026-03-03 10:53:00-05:00,4128
414,107443.31693,670.6081,670.65,670.61,670.78,670.42,2026-03-03 10:54:00-05:00,2813
415,168873.675884,670.7095,670.6,670.65,670.94,670.53,2026-03-03 10:55:00-05:00,3669
416,440049.068899,671.2647,670.665,671.07,671.6,670.64,2026-03-03 10:56:00-05:00,8062
417,290038.416242,671.1758,671.1,671.4699,671.53,670.84,2026-03-03 10:57:00-05:00,5264
418,237666.180077,671.769,671.45,671.93,671.99,671.45,2026-03-03 10:58:00-05:00,4971
419,276968.779239,671.9409,671.92,671.98,672.11,671.72,2026-03-03 10:59:00-05:00,5573
420,339337.692289,671.9873,671.96,671.88,672.31,671.77,2026-03-03 11:00:00-05:00,5810
421,181905.241893,672.0215,671.86,671.93,672.27,671.75,2026-03-03 11:01:00-05:00,3757
422,129103.222363,671.9632,671.91,671.86,672.21,671.79,2026-03-03 11:02:00-05:00,3075
423,286064.05136,672.348,671.89,672.59,672.72,671.87,2026-03-03 11:03:00-05:00,5583
424,626375.252153,673.1205,672.58,673.46,673.55,672.4,2026-03-03 11:04:00-05:00,9475
425,393917.148215,673.826,673.47,674.19,674.235,673.42,2026-03-03 11:05:00-05:00,7095
426,355321.296018,674.2828,674.18,674.26,674.62,673.91,2026-03-03 11:06:00-05:00,6198
427,277675.530305,674.2058,674.3,674.25,674.46,674.03,2026-03-03 11:07:00-05:00,4637
428,364232.454657,674.4197,674.23,674.79,674.92,674.08,2026-03-03 11:08:00-05:00,6173
429,288957.459288,674.5778,674.7942,674.54,674.8691,674.3,2026-03-03 11:09:00-05:00,4421
430,149104.785989,674.6014,674.57,674.61,674.77,674.42,2026-03-03 11:10:00-05:00,3036
431,179750.088755,674.4804,674.64,674.58,674.66,674.24,2026-03-03 11:11:00-05:00,3287
432,209292.743016,674.5646,674.58,674.485,674.76,674.38,2026-03-03 11:12:00-05:00,3808
433,328060.494846,674.8076,674.54,675.13,675.22,674.38,2026-03-03 11:13:00-05:00,5561
434,198291.207548,675.0148,675.12,675.03,675.28,674.75,2026-03-03 11:14:00-05:00,3536
435,303733.748622,675.367,675.03,675.63,675.71,675.0,2026-03-03 11:15:00-05:00,5284
436,219867.119931,675.4783,675.65,675.555,675.67,675.3,2026-03-03 11:16:00-05:00,3857
437,193156.916434,675.6762,675.56,675.77,675.9,675.455,2026-03-03 11:17:00-05:00,3713
438,248499.318183,675.8684,675.77,675.62,676.17,675.6,2026-03-03 11:18:00-05:00,4532
439,270072.289359,675.3892,675.63,675.28,675.75,675.14,2026-03-03 11:19:00-05:00,4460
440,292294.420458,675.3687,675.29,675.59,675.64,674.98,2026-03-03 11:20:00-05:00,4559
441,233932.820897,675.2465,675.6,675.41,675.63,675.01,2026-03-03 11:21:00-05:00,3957
442,409966.331871,675.5976,675.4,675.64,676.04,675.1,2026-03-03 11:22:00-05:00,6470
443,153893.885789,676.0095,675.64,676.11,676.19,675.56,2026-03-03 11:23:00-05:00,2972
444,270074.94166,676.121,676.09,676.35,676.395,675.76,2026-03-03 11:24:00-05:00,4264
445,292763.838301,676.3992,676.33,676.52,676.58,676.135,2026-03-03 11:25:00-05:00,4381
446,241327.5537,676.264,676.55,676.16,676.55,675.91,2026-03-03 11:26:00-05:00,3951
447,210401.873828,676.2172,676.17,676.04,676.4799,675.97,2026-03-03 11:27:00-05:00,3126
448,223827.712441,676.0011,676.03,676.05,676.27,675.8,2026-03-03 11:28:00-05:00,3865
449,144931.097894,676.0783,676.06,676.02,676.29,675.93,2026-03-03 11:29:00-05:00,2588
450,297792.513531,675.7336,676.0,675.65,676.08,675.44,2026-03-03 11:30:00-05:00,4489
451,182959.98382,675.2942,675.65,675.12,675.72,675.09,2026-03-03 11:31:00-05:00,3653
452,260122.467505,674.8763,675.15,674.94,675.2,674.66,2026-03-03 11:32:00-05:00,4432
453,149454.220574,675.0336,674.95,674.99,675.32,674.71,2026-03-03 11:33:00-05:00,2955
454,175588.969749,675.4905,675.02,675.79,675.97,674.97,2026-03-03 11:34:00-05:00,2725
455,465996.849015,676.0455,675.78,675.98,676.22,675.76,2026-03-03 11:35:00-05:00,2789
456,145848.441376,676.3181,675.99,676.23,676.57,675.88,2026-03-03 11:36:00-05:00,2777
457,99278.666006,676.2258,676.24,676.09,676.42,676.01,2026-03-03 11:37:00-05:00,1967
458,176735.525612,675.7349,676.083,675.89,676.11,675.55,2026-03-03 11:38:00-05:00,3065
459,254430.614388,675.9748,675.88,676.08,676.11,675.71,2026-03-03 11:39:00-05:00,1604
460,90964.032425,675.9933,676.0553,676.13,676.2,675.73,2026-03-03 11:40:00-05:00,1983
461,104484.618402,676.1616,676.14,676.0,676.31,676.0,2026-03-03 11:41:00-05:00,2142
462,132303.387121,675.7129,675.9912,675.77,676.08,675.42,2026-03-03 11:42:00-05:00,2782
463,484553.611381,676.1643,675.78,676.57,676.85,675.26,2026-03-03 11:43:00-05:00,8243
464,288988.758387,676.5102,676.55,676.68,676.8,676.14,2026-03-03 11:44:00-05:00,4920
465,420500.681427,677.083,676.69,677.34,677.46,676.6306,2026-03-03 11:45:00-05:00,7048
466,359731.279967,677.9545,677.36,678.33,678.45,677.32,2026-03-03 11:46:00-05:00,5882
467,445121.500053,678.0233,678.32,677.86,678.36,677.8,2026-03-03 11:47:00-05:00,6456
468,290482.888145,677.5661,677.85,677.76,677.98,677.33,2026-03-03 11:48:00-05:00,4968
469,320655.681177,677.3529,677.76,677.6,677.79,676.99,2026-03-03 11:49:00-05:00,4777
470,214289.566636,677.4851,677.6,677.5,677.81,677.25,2026-03-03 11:50:00-05:00,3536
471,247604.439742,677.4894,677.51,677.28,677.74,677.23,2026-03-03 11:51:00-05:00,4228
472,144702.081421,677.5406,677.28,677.62,677.8,677.23,2026-03-03 11:52:00-05:00,2421
473,123918.471729,677.7371,677.65,677.86,677.97,677.57,2026-03-03 11:53:00-05:00,2136
474,117400.690198,677.7673,677.86,677.92,677.94,677.55,2026-03-03 11:54:00-05:00,2094
475,167447.869308,677.9464,677.95,678.1012,678.18,677.69,2026-03-03 11:55:00-05:00,2789
476,150273.058639,677.9956,678.1,678.24,678.29,677.75,2026-03-03 11:56:00-05:00,2543
477,228223.887923,677.8841,678.2,677.96,678.22,677.78,2026-03-03 11:57:00-05:00,1998
478,113454.546212,677.9437,677.98,677.74,678.13,677.67,2026-03-03 11:58:00-05:00,2102
479,138626.513861,677.5942,677.75,677.56,677.86,677.36,2026-03-03 11:59:00-05:00,2451
480,160477.909291,677.6245,677.57,677.52,677.92,677.35,2026-03-03 12:00:00-05:00,2910
481,227069.287068,677.1464,677.515,677.07,677.55,676.9,2026-03-03 12:01:00-05:00,4761
482,191914.129889,677.1002,677.06,677.43,677.44,676.86,2026-03-03 12:02:00-05:00,3525
483,123153.64649,677.1941,677.45,677.1,677.49,677.06,2026-03-03 12:03:00-05:00,2754
484,134389.16597,677.12,677.13,677.44,677.48,676.79,2026-03-03 12:04:00-05:00,2612
485,126175.979731,677.4517,677.44,677.39,677.74,677.21,2026-03-03 12:05:00-05:00,2493
486,66806.00687,677.5738,677.38,677.8,677.82,677.26,2026-03-03 12:06:00-05:00,1658
487,153669.920779,677.4626,677.78,677.29,677.83,677.12,2026-03-03 12:07:00-05:00,3137
488,170528.548291,677.2209,677.26,676.97,677.44,676.95,2026-03-03 12:08:00-05:00,3119
489,183302.92302,676.843,676.97,676.7699,677.1,676.65,2026-03-03 12:09:00-05:00,3742
490,113468.5948,676.8859,676.8,676.83,677.08,676.68,2026-03-03 12:10:00-05:00,2282
491,99662.642458,676.8145,676.83,676.76,677.09,676.57,2026-03-03 12:11:00-05:00,2334
492,171347.712336,676.6576,676.76,676.71,677.04,676.37,2026-03-03 12:12:00-05:00,3374
493,87221.111911,676.7928,676.71,676.62,676.94,676.59,2026-03-03 12:13:00-05:00,1733
494,90903.835973,676.8286,676.64,677.11,677.17,676.56,2026-03-03 12:14:00-05:00,2008
495,87554.399758,677.0539,677.13,677.16,677.2,676.8,2026-03-03 12:15:00-05:00,1927
496,93629.79596,677.0653,677.17,676.72,677.38,676.65,2026-03-03 12:16:00-05:00,2109
497,83474.790963,676.9957,676.74,677.16,677.18,676.74,2026-03-03 12:17:00-05:00,1819
498,117605.756776,677.3662,677.12,677.5,677.69,677.01,2026-03-03 12:18:00-05:00,2447
499,67183.656139,677.5317,677.505,677.58,677.7,677.41,2026-03-03 12:19:00-05:00,1397
500,106309.301698,677.2499,677.58,677.2,677.79,676.91,2026-03-03 12:20:00-05:00,2185
501,77028.881146,677.3346,677.21,677.55,677.59,677.0,2026-03-03 12:21:00-05:00,1618
502,119936.430028,677.7314,677.53,677.96,677.98,677.39,2026-03-03 12:22:00-05:00,2220
503,173900.180151,678.1069,677.94,677.97,678.25,677.9,2026-03-03 12:23:00-05:00,2876
504,148679.310115,678.0752,677.98,678.27,678.28,677.9,2026-03-03 12:24:00-05:00,2624
505,157702.044169,678.2621,678.28,678.24,678.49,678.05,2026-03-03 12:25:00-05:00,2357
506,163479.679494,678.0062,678.24,678.01,678.26,677.765,2026-03-03 12:26:00-05:00,2865
507,94155.160879,677.9464,677.97,677.985,678.16,677.74,2026-03-03 12:27:00-05:00,1250
508,100361.214575,678.1137,677.97,678.28,678.33,677.93,2026-03-03 12:28:00-05:00,1935
509,95590.61197,678.378,678.29,678.32,678.49,678.275,2026-03-03 12:29:00-05:00,1680
510,124784.043962,678.0346,678.32,677.91,678.36,677.82,2026-03-03 12:30:00-05:00,2411
511,199289.142569,677.592,677.909,677.31,677.909,677.28,2026-03-03 12:31:00-05:00,3171
512,134523.139754,677.2368,677.3,677.04,677.41,676.98,2026-03-03 12:32:00-05:00,2528
513,148212.89871,676.9055,677.05,676.76,677.12,676.67,2026-03-03 12:33:00-05:00,2555
514,206233.442555,676.5177,676.76,676.5,676.79,676.315,2026-03-03 12:34:00-05:00,3106
515,177953.439766,676.3264,676.51,676.48,676.54,676.13,2026-03-03 12:35:00-05:00,3202
516,214698.770422,676.5214,676.48,676.99,677.029,676.08,2026-03-03 12:36:00-05:00,3495
517,75099.093322,676.8831,676.99,676.87,677.12,676.64,2026-03-03 12:37:00-05:00,1657
518,87654.353268,676.6874,676.86,676.6,677.01,676.53,2026-03-03 12:38:00-05:00,1823
519,66743.329259,676.6583,676.58,676.78,676.81,676.56,2026-03-03 12:39:00-05:00,1518
520,99610.512781,676.9998,676.78,677.3699,677.38,676.74,2026-03-03 12:40:00-05:00,1965
521,55855.391288,677.1948,677.35,677.01,677.49,676.94,2026-03-03 12:41:00-05:00,1389
522,114759.243287,677.3649,677.0,677.5,677.53,676.99,2026-03-03 12:42:00-05:00,1848
523,177550.777281,677.8574,677.52,678.17,678.25,677.52,2026-03-03 12:43:00-05:00,2935
524,166068.642698,678.2207,678.18,678.29,678.41,678.0515,2026-03-03 12:44:00-05:00,2881
525,180002.522973,678.2275,678.26,678.0901,678.39,678.06,2026-03-03 12:45:00-05:00,2913
526,149475.357831,678.0128,678.11,677.76,678.25,677.71,2026-03-03 12:46:00-05:00,2569
527,90354.332273,677.8241,677.75,677.94,677.97,677.68,2026-03-03 12:47:00-05:00,1651
528,98326.878486,677.9602,677.94,678.03,678.09,677.81,2026-03-03 12:48:00-05:00,1737
529,98454.18549,678.3013,678.05,678.26,678.474,678.02,2026-03-03 12:49:00-05:00,1681
530,141077.037271,678.1418,678.27,678.11,678.31,677.99,2026-03-03 12:50:00-05:00,2108
531,90530.478404,678.1342,678.1,678.2,678.3,678.0147,2026-03-03 12:51:00-05:00,1731
532,148218.365242,678.0744,678.22,678.16,678.31,677.81,2026-03-03 12:52:00-05:00,2587
533,157442.743205,677.5672,678.15,677.36,678.22,677.23,2026-03-03 12:53:00-05:00,2869
534,136781.653856,677.1386,677.38,677.07,677.57,676.905,2026-03-03 12:54:00-05:00,2646
535,140853.184874,677.0534,677.05,677.39,677.4,676.88,2026-03-03 12:55:00-05:00,2608
536,63914.571793,677.3626,677.37,677.31,677.55,677.2534,2026-03-03 12:56:00-05:00,1539
537,87052.076843,677.3936,677.35,677.6105,677.68,677.18,2026-03-03 12:57:00-05:00,1743
538,47497.998879,677.5653,677.64,677.425,677.75,677.39,2026-03-03 12:58:00-05:00,1060
539,73117.312837,677.4679,677.4,677.42,677.65,677.33,2026-03-03 12:59:00-05:00,1423
540,84500.259298,677.7693,677.39,678.26,678.27,677.38,2026-03-03 13:00:00-05:00,1737
541,141430.550769,678.4243,678.218,678.6,678.7,678.1101,2026-03-03 13:01:00-05:00,2344
542,136192.817503,678.6145,678.5949,678.51,678.78,678.5,2026-03-03 13:02:00-05:00,1964
543,136717.139322,678.2918,678.52,678.35,678.53,678.09,2026-03-03 13:03:00-05:00,2102
544,98328.041774,678.282,678.36,678.42,678.46,678.12,2026-03-03 13:04:00-05:00,1735
545,88007.730345,678.3708,678.45,678.32,678.54,678.17,2026-03-03 13:05:00-05:00,1663
546,94259.731779,678.5631,678.32,678.56,678.71,678.29,2026-03-03 13:06:00-05:00,1773
547,96218.225262,678.5471,678.55,678.64,678.76,678.31,2026-03-03 13:07:00-05:00,1658
548,58287.078617,678.7884,678.61,678.83,678.91,678.61,2026-03-03 13:08:00-05:00,1259
549,61212.619805,678.6699,678.82,678.81,678.85,678.495,2026-03-03 13:09:00-05:00,1370
550,93324.091689,678.6157,678.81,678.59,678.89,678.4201,2026-03-03 13:10:00-05:00,1773
551,95430.695346,678.5415,678.6,678.4,678.85,678.22,2026-03-03 13:11:00-05:00,1885
552,99312.451432,678.4888,678.395,678.5,678.595,678.395,2026-03-03 13:12:00-05:00,1807
553,89933.765497,678.2189,678.5,677.86,678.52,677.83,2026-03-03 13:13:00-05:00,2107
554,142073.949916,677.8346,677.85,678.07,678.12,677.62,2026-03-03 13:14:00-05:00,2869
555,87245.87314,678.2198,678.0901,678.36,678.41,678.04,2026-03-03 13:15:00-05:00,1623
556,89515.219042,678.4354,678.39,678.44,678.59,678.3,2026-03-03 13:16:00-05:00,1784
557,57279.1651,678.6069,678.45,678.75,678.82,678.4119,2026-03-03 13:17:00-05:00,1188
558,59812.941043,678.5943,678.75,678.62,678.75,678.43,2026-03-03 13:18:00-05:00,1217
559,83660.755139,678.6556,678.63,678.66,678.82,678.46,2026-03-03 13:19:00-05:00,1590
560,265793.664565,679.2028,678.65,679.19,679.45,678.62,2026-03-03 13:20:00-05:00,3823
561,122821.218536,679.2381,679.18,679.37,679.4,679.1,2026-03-03 13:21:00-05:00,2081
562,227370.569689,679.66,679.37,679.75,679.96,679.36,2026-03-03 13:22:00-05:00,3125
563,224616.564462,679.8374,679.77,679.99,680.0361,679.6,2026-03-03 13:23:00-05:00,3246
564,146115.209701,679.9703,679.97,680.04,680.08,679.87,2026-03-03 13:24:00-05:00,2197
565,291422.049145,679.8864,680.04,679.79,680.04,679.67,2026-03-03 13:25:00-05:00,4699
566,194267.781934,679.9991,679.78,680.1463,680.2,679.75,2026-03-03 13:26:00-05:00,2313
567,117882.939351,680.1808,680.15,680.14,680.29,680.06,2026-03-03 13:27:00-05:00,1643
568,183821.674338,680.2291,680.125,680.08,680.43,680.06,2026-03-03 13:28:00-05:00,2251
569,185832.20845,679.9287,680.09,679.82,680.17,679.755,2026-03-03 13:29:00-05:00,2792
570,138420.682555,679.8114,679.82,679.91,679.9339,679.67,2026-03-03 13:30:00-05:00,2206
571,109218.06094,679.9627,679.9,680.13,680.1799,679.79,2026-03-03 13:31:00-05:00,1983
572,181822.032452,680.1407,680.12,680.28,680.3688,679.89,2026-03-03 13:32:00-05:00,3155
573,167377.213256,680.5375,680.29,680.6693,680.78,680.24,2026-03-03 13:33:00-05:00,2885
574,95108.209937,680.559,680.65,680.56,680.73,680.45,2026-03-03 13:34:00-05:00,1616
575,252972.544941,680.5155,680.55,680.7,680.87,680.25,2026-03-03 13:35:00-05:00,3553
576,144297.354588,680.6031,680.71,680.86,680.86,680.31,2026-03-03 13:36:00-05:00,2034
577,160729.457807,680.8601,680.88,680.9,681.02,680.7,2026-03-03 13:37:00-05:00,2239
578,220406.557064,681.1017,680.89,681.18,681.33,680.75,2026-03-03 13:38:00-05:00,3049
579,187548.49299,681.2445,681.17,681.33,681.35,681.1,2026-03-03 13:39:00-05:00,2700
580,347050.98642,683.3001,681.35,681.48,681.54,681.22,2026-03-03 13:40:00-05:00,2855
581,290433.379469,681.6626,681.49,681.54,681.87,681.39,2026-03-03 13:41:00-05:00,3503
582,208723.899127,681.5282,681.55,681.5393,681.74,681.38,2026-03-03 13:42:00-05:00,2959
583,260603.394412,681.4342,681.52,681.49,681.66,681.17,2026-03-03 13:43:00-05:00,3961
584,265386.626665,681.0794,681.485,681.085,681.485,680.86,2026-03-03 13:44:00-05:00,3631
585,228294.56995,680.8355,681.1,680.65,681.1471,680.65,2026-03-03 13:45:00-05:00,3327
586,121264.904121,680.7632,680.67,680.74,680.94,680.64,2026-03-03 13:46:00-05:00,2014
587,118226.428965,680.6348,680.75,680.69,680.87,680.45,2026-03-03 13:47:00-05:00,2061
588,327770.99506,680.9701,680.7,680.87,680.904,680.52,2026-03-03 13:48:00-05:00,1614
589,237890.465322,681.2484,680.88,681.41,681.48,680.85,2026-03-03 13:49:00-05:00,3218
590,144499.572912,681.4514,681.41,681.7,681.71,681.21,2026-03-03 13:50:00-05:00,2466
591,261061.2843,684.1359,681.7,681.83,681.91,681.59,2026-03-03 13:51:00-05:00,2209
592,193342.938086,681.6738,681.84,681.71,681.85,681.48,2026-03-03 13:52:00-05:00,2871
593,175721.88358,681.5683,681.695,681.41,681.73,681.37,2026-03-03 13:53:00-05:00,2491
594,165335.8717,681.4811,681.3926,681.43,681.69,681.2601,2026-03-03 13:54:00-05:00,2529
595,122363.409218,681.1349,681.4,681.0,681.4,680.96,2026-03-03 13:55:00-05:00,1929
596,121451.322815,681.1594,680.97,681.3401,681.48,680.93,2026-03-03 13:56:00-05:00,2033
597,82960.694996,681.4138,681.36,681.47,681.58,681.2919,2026-03-03 13:57:00-05:00,1508
598,64826.098178,681.4477,681.5,681.395,681.55,681.3463,2026-03-03 13:58:00-05:00,1198
599,103915.215862,681.2677,681.4,681.26,681.5,681.1,2026-03-03 13:59:00-05:00,1658
600,112885.492816,681.3321,681.24,681.22,681.47,681.08,2026-03-03 14:00:00-05:00,2009
601,109884.549223,681.2765,681.22,681.27,681.43,681.14,2026-03-03 14:01:00-05:00,1636
602,144327.090917,681.0168,681.27,680.84,681.29,680.77,2026-03-03 14:02:00-05:00,2154
603,197534.592458,681.2445,680.84,681.205,681.39,680.8201,2026-03-03 14:03:00-05:00,3069
604,178480.569359,681.2493,681.21,681.22,681.47,681.055,2026-03-03 14:04:00-05:00,2453
605,60707.566195,681.1356,681.22,681.11,681.34,681.0299,2026-03-03 14:05:00-05:00,1101
606,198349.58155,680.9396,681.11,680.82,681.135,680.7,2026-03-03 14:06:00-05:00,3230
607,134729.529196,680.5544,680.83,680.49,680.83,680.34,2026-03-03 14:07:00-05:00,2078
608,162349.252231,680.5029,680.5,680.39,680.64,680.35,2026-03-03 14:08:00-05:00,2615
609,255974.644497,680.1908,680.4,680.08,680.43,679.98,2026-03-03 14:09:00-05:00,3815
610,191372.043411,679.9725,680.09,679.9,680.24,679.71,2026-03-03 14:10:00-05:00,3643
611,230877.801951,679.9788,679.92,680.35,680.39,679.665,2026-03-03 14:11:00-05:00,3672
612,150661.563283,680.2279,680.34,680.08,680.35,680.08,2026-03-03 14:12:00-05:00,2305
613,163775.966172,680.1821,680.071,680.39,680.47,679.93,2026-03-03 14:13:00-05:00,2494
614,176032.70921,680.5094,680.37,680.58,680.67,680.33,2026-03-03 14:14:00-05:00,2494
615,145499.441971,680.8081,680.59,681.16,681.1609,680.47,2026-03-03 14:15:00-05:00,2452
616,117624.621457,680.9018,681.15,680.75,681.15,680.61,2026-03-03 14:16:00-05:00,1897
617,80002.318972,680.7786,680.77,680.86,680.94,680.63,2026-03-03 14:17:00-05:00,1290
618,70668.662374,680.9391,680.86,680.83,681.04,680.815,2026-03-03 14:18:00-05:00,1256
619,61188.906391,680.8632,680.81,680.98,680.98,680.74,2026-03-03 14:19:00-05:00,1236
620,158273.315585,681.2907,681.0,681.33,681.51,680.97,2026-03-03 14:20:00-05:00,2448
621,76269.63799,681.3668,681.33,681.34,681.46,681.23,2026-03-03 14:21:00-05:00,1257
622,122428.348989,681.3245,681.37,681.48,681.49,681.0,2026-03-03 14:22:00-05:00,1944
623,71309.400253,681.3783,681.47,681.28,681.52,681.19,2026-03-03 14:23:00-05:00,1350
624,64048.122095,681.1647,681.29,680.98,681.34,680.95,2026-03-03 14:24:00-05:00,1201
625,93975.093883,680.8702,680.94,681.05,681.05,680.72,2026-03-03 14:25:00-05:00,1668
626,48511.907421,680.8931,681.03,680.78,681.09,680.75,2026-03-03 14:26:00-05:00,1190
627,82756.083049,680.6986,680.8,680.57,680.82,680.56,2026-03-03 14:27:00-05:00,1580
628,107817.010845,680.7337,680.58,680.52,680.91,680.42,2026-03-03 14:28:00-05:00,1915
629,90657.227149,680.5703,680.52,680.5,680.78,680.4,2026-03-03 14:29:00-05:00,1863
630,116623.863918,680.4623,680.5,680.59,680.72,680.29,2026-03-03 14:30:00-05:00,2233
631,77354.348358,680.514,680.55,680.38,680.69,680.34,2026-03-03 14:31:00-05:00,1658
632,121125.330586,680.3619,680.38,680.23,680.56,680.18,2026-03-03 14:32:00-05:00,2177
633,142760.76799,680.0525,680.24,679.77,680.35,679.76,2026-03-03 14:33:00-05:00,2454
634,243165.893045,679.6309,679.78,679.66,679.87,679.45,2026-03-03 14:34:00-05:00,3658
635,174560.349558,679.4555,679.65,679.42,679.69,679.275,2026-03-03 14:35:00-05:00,3039
636,199446.886005,679.6606,679.44,679.76,679.82,679.43,2026-03-03 14:36:00-05:00,2703
637,768959.283191,680.8653,679.78,681.72,681.73,679.65,2026-03-03 14:37:00-05:00,10437
638,380372.829094,681.5555,681.73,681.14,681.82,681.1,2026-03-03 14:38:00-05:00,6663
639,283011.09787,680.9469,681.15,681.0,681.23,680.75,2026-03-03 14:39:00-05:00,3969
640,200105.588069,681.1401,681.01,681.11,681.4465,680.78,2026-03-03 14:40:00-05:00,3024
641,193514.806812,681.4599,681.1,681.55,681.74,681.03,2026-03-03 14:41:00-05:00,2906
642,195957.456184,681.7281,681.5181,681.932,681.98,681.43,2026-03-03 14:42:00-05:00,3082
643,219824.415552,681.5304,681.92,681.3743,681.94,681.24,2026-03-03 14:43:00-05:00,3154
644,198438.862866,681.856,681.4031,681.94,682.0,681.3403,2026-03-03 14:44:00-05:00,3136
645,340501.901736,682.1844,681.955,682.23,682.45,681.84,2026-03-03 14:45:00-05:00,4298
646,383742.546636,683.844,682.22,682.387,682.61,682.2,2026-03-03 14:46:00-05:00,2973
647,196865.99547,682.3648,682.39,682.45,682.59,682.03,2026-03-03 14:47:00-05:00,3018
648,298630.875164,684.1665,682.44,682.1,682.59,682.055,2026-03-03 14:48:00-05:00,2609
649,252973.896224,682.0127,682.07,682.03,682.15,681.845,2026-03-03 14:49:00-05:00,3150
650,211818.66827,682.0609,682.03,682.22,682.3888,681.72,2026-03-03 14:50:00-05:00,3159
651,105643.6042,682.1656,682.2499,681.99,682.4,681.86,2026-03-03 14:51:00-05:00,1727
652,236507.684236,681.6603,681.989,681.68,682.02,681.37,2026-03-03 14:52:00-05:00,3005
653,191317.774325,681.1907,681.69,680.972,681.71,680.95,2026-03-03 14:53:00-05:00,3592
654,294280.919892,681.2166,680.97,681.42,681.56,680.85,2026-03-03 14:54:00-05:00,4061
655,143495.975043,681.2158,681.43,681.04,681.53,680.94,2026-03-03 14:55:00-05:00,2447
656,162202.919316,680.936,681.03,680.9,681.09,680.67,2026-03-03 14:56:00-05:00,2707
657,183979.459468,681.1371,680.895,681.02,681.4,680.85,2026-03-03 14:57:00-05:00,2554
658,75034.53455,681.1453,681.03,681.195,681.31,681.01,2026-03-03 14:58:00-05:00,1355
659,78854.376699,681.2627,681.25,681.233,681.43,681.15,2026-03-03 14:59:00-05:00,1654
660,213897.690437,681.0845,681.25,680.91,681.32,680.89,2026-03-03 15:00:00-05:00,3381
661,142840.9309,681.6489,680.905,681.855,681.95,680.87,2026-03-03 15:01:00-05:00,2569
662,177342.488483,681.5073,681.86,681.3,681.9,681.09,2026-03-03 15:02:00-05:00,2826
663,122034.759796,681.3187,681.32,681.21,681.45,681.11,2026-03-03 15:03:00-05:00,2206
664,114562.412207,681.1312,681.22,681.19,681.34,681.01,2026-03-03 15:04:00-05:00,2130
665,180848.200633,680.9447,681.16,681.0287,681.22,680.75,2026-03-03 15:05:00-05:00,3440
666,167631.349814,680.9095,681.03,681.13,681.13,680.75,2026-03-03 15:06:00-05:00,2884
667,95750.075805,681.3397,681.125,681.39,681.59,681.08,2026-03-03 15:07:00-05:00,1993
668,78034.417013,681.3051,681.39,681.41,681.43,681.18,2026-03-03 15:08:00-05:00,1695
669,108277.229999,681.3751,681.44,681.48,681.57,681.2,2026-03-03 15:09:00-05:00,1906
670,71756.382402,681.5116,681.46,681.67,681.7,681.36,2026-03-03 15:10:00-05:00,1532
671,130348.23239,681.6549,681.67,681.57,681.79,681.46,2026-03-03 15:11:00-05:00,2000
672,81526.489102,681.4098,681.58,681.31,681.62,681.2,2026-03-03 15:12:00-05:00,1585
673,100107.387254,681.2859,681.3,681.12,681.46,681.06,2026-03-03 15:13:00-05:00,1684
674,313660.873899,680.9334,681.12,680.745,681.19,680.73,2026-03-03 15:14:00-05:00,3460
675,249572.812036,680.8813,680.72,680.98,681.08,680.68,2026-03-03 15:15:00-05:00,3335
676,306044.734734,680.725,680.96,680.39,681.06,680.36,2026-03-03 15:16:00-05:00,4198
677,240722.260707,680.4335,680.384121,680.25,680.58,680.2,2026-03-03 15:17:00-05:00,3340
678,155554.008542,680.3484,680.26,680.55,680.615,680.18,2026-03-03 15:18:00-05:00,2319
679,150091.547876,680.4367,680.56,680.49,680.59,680.33,2026-03-03 15:19:00-05:00,2114
680,196529.361321,680.7003,680.5,680.92,680.97,680.48,2026-03-03 15:20:00-05:00,2717
681,106994.617822,680.8657,680.91,680.6,681.01,680.59,2026-03-03 15:21:00-05:00,1569
682,195126.679259,680.5345,680.62,680.525,680.76,680.31,2026-03-03 15:22:00-05:00,2981
683,153382.743703,680.6208,680.54,680.52,680.71,680.48,2026-03-03 15:23:00-05:00,2094
684,152071.334905,680.6338,680.47,680.705,680.8,680.46,2026-03-03 15:24:00-05:00,1903
685,134741.544554,680.438,680.715,680.445,680.735,680.16,2026-03-03 15:25:00-05:00,2168
686,132246.824743,680.5252,680.445,680.67,680.74,680.26,2026-03-03 15:26:00-05:00,2029
687,119315.187775,680.7005,680.65,680.69,680.8,680.6099,2026-03-03 15:27:00-05:00,2124
688,210456.746388,681.0542,680.7,680.86,681.305,680.7,2026-03-03 15:28:00-05:00,2910
689,213537.187106,681.1669,680.87,681.05,681.3,680.87,2026-03-03 15:29:00-05:00,2751
690,133814.306652,681.0662,681.04,680.99,681.22,680.93,2026-03-03 15:30:00-05:00,2383
691,109883.459292,681.1992,681.0,681.13,681.32,681.0,2026-03-03 15:31:00-05:00,1754
692,175323.163628,680.9839,681.15,680.982,681.17,680.86,2026-03-03 15:32:00-05:00,2082
693,143242.821993,680.9276,681.03,680.84,681.07,680.78,2026-03-03 15:33:00-05:00,2287
694,233377.417566,680.8883,680.84,680.8,681.0,680.77,2026-03-03 15:34:00-05:00,3660
695,172642.491108,681.1754,680.81,681.48,681.49,680.81,2026-03-03 15:35:00-05:00,2663
696,317313.727309,681.3534,681.48,681.14,681.51,681.13,2026-03-03 15:36:00-05:00,4314
697,162637.522942,680.8589,681.13,680.77,681.18,680.705,2026-03-03 15:37:00-05:00,2575
698,122325.521509,680.6615,680.77,680.76,680.78,680.52,2026-03-03 15:38:00-05:00,2233
699,201338.337642,680.562,680.77,680.57,680.77,680.29,2026-03-03 15:39:00-05:00,3182
700,161939.181546,680.7093,680.59,680.59,680.84,680.58,2026-03-03 15:40:00-05:00,2517
701,147937.559878,680.3821,680.59,680.27,680.625,680.225,2026-03-03 15:41:00-05:00,2543
702,156696.821435,680.3781,680.27,680.385,680.53,680.24,2026-03-03 15:42:00-05:00,2294
703,183331.47036,680.3573,680.39,680.52,680.57,680.2,2026-03-03 15:43:00-05:00,2555
704,276827.193656,680.5106,680.52,680.45,680.655,680.35,2026-03-03 15:44:00-05:00,3232
705,338367.748063,680.6103,680.44,680.54,680.77,680.41,2026-03-03 15:45:00-05:00,4866
706,306964.006126,683.0715,680.53,680.4,680.72,680.35,2026-03-03 15:46:00-05:00,2789
707,270542.212423,680.2367,680.395,680.39,680.49,680.0,2026-03-03 15:47:00-05:00,3678
708,284278.814081,680.2977,680.365,680.29,680.48,680.16,2026-03-03 15:48:00-05:00,3722
709,163598.390184,680.3948,680.29,680.48,680.6,680.18,2026-03-03 15:49:00-05:00,2412
710,387893.944817,680.2583,680.47,680.03,680.64,679.92,2026-03-03 15:50:00-05:00,6162
711,308436.476249,679.6352,680.05,679.53,680.13,679.35,2026-03-03 15:51:00-05:00,4602
712,333316.800232,679.4672,679.53,679.3587,679.6899,679.21,2026-03-03 15:52:00-05:00,4873
713,309783.35384,679.5501,679.36,679.77,679.77,679.32,2026-03-03 15:53:00-05:00,4741
714,495114.690219,680.051,679.76,680.09,680.27,679.62,2026-03-03 15:54:00-05:00,7083
715,456352.387654,680.0303,680.08,680.03,680.32,679.815,2026-03-03 15:55:00-05:00,6636
716,652510.962436,682.5315,680.02,679.845,680.07,679.77,2026-03-03 15:56:00-05:00,5346
717,355004.357893,679.9702,679.86,680.08,680.12,679.755,2026-03-03 15:57:00-05:00,5311
718,419373.210286,680.1112,680.08,680.135,680.215,680.01,2026-03-03 15:58:00-05:00,6018
719,1439658.890283,681.2393,680.14,680.27,680.41,679.88,2026-03-03 15:59:00-05:00,12206
720,139172.100201,680.1678,680.27,680.19,680.33,679.98,2026-03-03 16:00:00-05:00,680
721,152319.882934,680.0213,680.13,679.91,680.17,676.6788,2026-03-03 16:01:00-05:00,863
722,49453.369039,679.7996,679.91,679.67,679.99,679.65,2026-03-03 16:02:00-05:00,415
723,42003.630964,679.6541,679.72,679.7603,679.79,679.57,2026-03-03 16:03:00-05:00,361
724,54482.125033,679.7575,679.76,679.81,679.85,679.66,2026-03-03 16:04:00-05:00,423
725,21164.113288,679.7257,679.76,679.64,679.84,679.61,2026-03-03 16:05:00-05:00,239
726,12479.942792,679.6427,679.66,679.66,679.7,679.59,2026-03-03 16:06:00-05:00,147
727,43726.087714,679.6144,679.68,679.63,679.68,679.58,2026-03-03 16:07:00-05:00,300
728,36536.020141,679.5696,679.64,679.52,679.67,679.52,2026-03-03 16:08:00-05:00,183
729,1747700.487546,680.2059,679.51,679.54,679.55,679.44,2026-03-03 16:09:00-05:00,229
730,30439.33034,679.5343,679.54,679.48,679.59,679.46,2026-03-03 16:10:00-05:00,287
731,43104.100553,679.6323,679.48,679.72,679.74,679.48,2026-03-03 16:11:00-05:00,420
732,523414.742764,679.7018,679.68,679.66,679.77,679.63,2026-03-03 16:12:00-05:00,168
733,13226.724954,679.6627,679.57,679.69,679.76,679.51,2026-03-03 16:13:00-05:00,135
734,20644.661072,679.7708,679.68,679.81,679.84,679.67,2026-03-03 16:14:00-05:00,244
735,20715.905332,679.7251,679.72,679.7,679.77,679.68,2026-03-03 16:15:00-05:00,162
736,745487.39728,680.2045,679.67,679.75,679.77,679.6,2026-03-03 16:16:00-05:00,149
737,11573.794098,679.852,679.78,679.9161,679.93,679.76,2026-03-03 16:17:00-05:00,90
738,91362.418517,679.6402,679.89,679.71,679.89,679.5,2026-03-03 16:18:00-05:00,562
739,17073.453911,679.7396,679.7102,679.81,679.81,679.71,2026-03-03 16:19:00-05:00,104
740,16685.479371,679.801,679.8,679.74,679.85,679.74,2026-03-03 16:20:00-05:00,128
741,7704.351291,679.8391,679.83,679.83,679.86,679.79,2026-03-03 16:21:00-05:00,74
742,4513.386584,679.7419,679.76,679.76,679.76,679.72,2026-03-03 16:22:00-05:00,59
743,408.442633,679.7334,679.79,679.74,679.79,679.72,2026-03-03 16:23:00-05:00,24
744,1575.637571,679.7299,679.7065,679.74,679.74,679.7065,2026-03-03 16:24:00-05:00,48
745,5215.653581,679.5689,679.7,679.55,679.7,679.55,2026-03-03 16:25:00-05:00,111
746,19938.260684,679.5053,679.56,679.45,679.62,679.44,2026-03-03 16:26:00-05:00,231
747,70453.171623,679.4105,679.45,679.395,679.8,679.27,2026-03-03 16:27:00-05:00,549
748,9449.415915,679.3556,679.37,679.33,679.375,679.3,2026-03-03 16:28:00-05:00,79
749,3553.750881,679.3423,679.31,679.35,679.38,679.31,2026-03-03 16:29:00-05:00,48
750,2682.140134,679.307,679.41,679.25,679.42,679.23,2026-03-03 16:30:00-05:00,69
751,15314.21596,679.1642,679.25,679.21,679.25,679.02,2026-03-03 16:31:00-05:00,168
752,17893.779947,679.0451,679.18,678.8403,679.21,678.73,2026-03-03 16:32:00-05:00,285
753,29124.506353,678.8597,678.82,678.71,678.9394,678.71,2026-03-03 16:33:00-05:00,194
754,23659.533871,678.8028,678.81,678.8,678.9,678.71,2026-03-03 16:34:00-05:00,209
755,40478.746578,678.8036,678.8,678.87,678.98,678.73,2026-03-03 16:35:00-05:00,352
756,11603.943029,678.8259,678.8901,678.76,678.96,678.7,2026-03-03 16:36:00-05:00,105
757,2671.781485,678.906,678.75,678.91,678.95,678.75,2026-03-03 16:37:00-05:00,53
758,5337.726394,678.992,678.9,679.02,679.05,678.9,2026-03-03 16:38:00-05:00,128
759,67464.19511,679.0299,678.99,678.99,679.11,678.97,2026-03-03 16:39:00-05:00,413
760,2965.543598,679.1505,678.99,679.2,679.2,678.98,2026-03-03 16:40:00-05:00,62
761,3736.966354,679.2108,679.2,679.25,679.25,679.2,2026-03-03 16:41:00-05:00,40
762,16572.390329,679.2729,679.2326,679.37,679.37,679.2326,2026-03-03 16:42:00-05:00,96
763,9040.30366,679.4275,679.38,679.38,679.46,679.36,2026-03-03 16:43:00-05:00,85
764,6037.905502,679.2469,679.36,679.25,679.36,679.2,2026-03-03 16:44:00-05:00,86
765,34698.667492,679.1664,679.23,679.14,679.23,679.075,2026-03-03 16:45:00-05:00,229
766,5519.805942,679.1594,679.15,679.16,679.22,679.1,2026-03-03 16:46:00-05:00,59
767,1173.108458,679.1638,679.22,679.1001,679.22,679.06,2026-03-03 16:47:00-05:00,36
768,6423.28321,679.1047,679.1,679.2,679.2,679.09,2026-03-03 16:48:00-05:00,49
769,4709.31036,679.2113,679.24,679.15,679.27,679.15,2026-03-03 16:49:00-05:00,68
770,7199.056301,679.1235,679.13,679.24,679.24,679.12,2026-03-03 16:50:00-05:00,26
771,1886.064995,679.3069,679.28,679.26,679.34,679.26,2026-03-03 16:51:00-05:00,40
772,3289.534856,679.2165,679.28,679.17,679.28,679.13,2026-03-03 16:52:00-05:00,50
773,1762.435921,679.2158,679.17,679.3099,679.3099,679.17,2026-03-03 16:53:00-05:00,31
774,774.84679,679.1514,679.25,679.1,679.25,679.1,2026-03-03 16:54:00-05:00,47
775,1052.526772,679.0906,679.052,679.15,679.15,679.052,2026-03-03 16:55:00-05:00,28
776,15990.187588,679.0798,679.17,679.11,679.17,679.05,2026-03-03 16:56:00-05:00,85
777,6482.747211,679.0252,679.05,679.01,679.07,679.0,2026-03-03 16:57:00-05:00,69
778,25796.13477,678.9679,679.01,679.0,679.01,678.94,2026-03-03 16:58:00-05:00,83
779,3238.972567,678.929,678.9903,679.04,679.04,678.9903,2026-03-03 16:59:00-05:00,38
780,346.716424,679.022,679.05,679.05,679.05,679.05,2026-03-03 17:00:00-05:00,26
781,663.26082,678.9838,679.06,678.94,679.06,678.94,2026-03-03 17:01:00-05:00,19
782,579.244222,679.0579,678.9753,679.07,679.07,678.9753,2026-03-03 17:02:00-05:00,10
783,789.147248,679.0669,679.06,679.07,679.07,679.06,2026-03-03 17:04:00-05:00,23
784,292.054145,679.0414,679.07,679.06,679.07,679.06,2026-03-03 17:05:00-05:00,20
785,617.040479,679.0085,678.98,679.06,679.06,678.98,2026-03-03 17:06:00-05:00,30
786,671.398375,678.7402,679.14,679.1,679.14,679.1,2026-03-03 17:08:00-05:00,29
787,6066.204187,679.1887,679.14,679.2,679.2,679.14,2026-03-03 17:09:00-05:00,49
788,503.339062,679.1814,679.18,679.18,679.18,679.18,2026-03-03 17:10:00-05:00,21
789,4493.905407,679.2379,679.2,679.27,679.27,679.1701,2026-03-03 17:11:00-05:00,56
790,934.95992,679.2462,679.25,679.25,679.2501,679.25,2026-03-03 17:12:00-05:00,42
791,618.514722,679.1938,679.2595,679.18,679.2595,679.18,2026-03-03 17:13:00-05:00,9
792,3231.163419,679.2338,679.25,679.2599,679.2599,679.23,2026-03-03 17:14:00-05:00,13
793,110.618164,679.2195,679.22,679.22,679.22,679.22,2026-03-03 17:15:00-05:00,14
794,557.324322,679.2063,679.22,679.2,679.22,679.2,2026-03-03 17:16:00-05:00,17
795,910.176492,679.2303,679.23,679.23,679.23,679.23,2026-03-03 17:17:00-05:00,30
796,592.472725,679.2389,679.23,679.25,679.25,679.23,2026-03-03 17:18:00-05:00,21
797,925.692389,679.2498,679.25,679.25,679.25,679.25,2026-03-03 17:19:00-05:00,21
798,302.080663,679.2677,679.27,679.27,679.27,679.27,2026-03-03 17:20:00-05:00,16
799,2089.375389,679.2599,679.25,679.26,679.2696,679.25,2026-03-03 17:21:00-05:00,14
800,157.142944,679.2678,679.27,679.27,679.27,679.27,2026-03-03 17:22:00-05:00,10
801,11155.396886,679.2506,679.26,679.24,679.27,679.24,2026-03-03 17:23:00-05:00,37
802,1688.137311,679.2191,679.23,679.2,679.23,679.19,2026-03-03 17:24:00-05:00,31
803,551.046187,679.1742,679.19,679.2,679.2,679.14,2026-03-03 17:25:00-05:00,20
804,17260.1375,679.0255,679.2,679.0,679.2,679.0,2026-03-03 17:26:00-05:00,145
805,5916.130354,678.9999,678.9999,679.0,679.0,678.9999,2026-03-03 17:27:00-05:00,36
806,60197.142137,680.1462,678.99,679.0,680.33,678.99,2026-03-03 17:28:00-05:00,44
807,2224.702928,678.9966,679.0,679.0,679.0,678.99,2026-03-03 17:29:00-05:00,31
808,1048.439184,679.0234,679.0,679.0,679.04,679.0,2026-03-03 17:30:00-05:00,17
809,349.239375,678.9759,678.99,678.99,678.99,678.98,2026-03-03 17:31:00-05:00,29
810,193.061394,678.9694,678.98,678.96,678.98,678.96,2026-03-03 17:33:00-05:00,17
811,1126.266104,678.9519,678.96,678.9204,678.96,678.91,2026-03-03 17:34:00-05:00,22
812,406.756681,678.9831,678.99,678.98,678.99,678.98,2026-03-03 17:35:00-05:00,27
813,390.539923,678.9855,678.9864,678.9864,678.9864,678.9864,2026-03-03 17:36:00-05:00,14
814,258.570199,678.9857,678.97,679.0,679.0,678.97,2026-03-03 17:37:00-05:00,27
815,11219.077451,678.9995,679.0,678.97,679.0,678.97,2026-03-03 17:38:00-05:00,32
816,12384.950469,678.9998,678.9994,679.0,679.0,678.99,2026-03-03 17:39:00-05:00,41
817,16391.595004,678.9758,679.0,678.97,679.0,678.97,2026-03-03 17:41:00-05:00,41
818,286.292001,679.033,679.03,679.05,679.05,679.03,2026-03-03 17:42:00-05:00,13
819,909.456542,679.0509,679.05,679.05,679.06,678.98,2026-03-03 17:43:00-05:00,24
820,105.16316,679.0582,679.06,679.06,679.06,679.06,2026-03-03 17:44:00-05:00,13
821,297.151408,678.9937,678.97,678.99,678.99,678.97,2026-03-03 17:45:00-05:00,23
822,458.294562,678.9812,678.99,678.99,678.99,678.98,2026-03-03 17:46:00-05:00,20
823,363.295344,678.978,678.97,678.99,678.99,678.97,2026-03-03 17:47:00-05:00,14
824,316.580661,678.9799,678.98,678.98,678.98,678.98,2026-03-03 17:48:00-05:00,12
825,865.064728,678.984,678.99,678.9796,678.99,678.9796,2026-03-03 17:49:00-05:00,27
826,3178.01031,678.9939,678.99,678.99,679.09,678.99,2026-03-03 17:50:00-05:00,31
827,427.734695,678.9993,678.99,678.99,679.05,678.99,2026-03-03 17:51:00-05:00,18
828,5202.971254,678.9901,678.99,678.99,678.99,678.99,2026-03-03 17:52:00-05:00,25
829,141.208191,679.0141,679.0,679.0,679.0,679.0,2026-03-03 17:53:00-05:00,10
830,2521.255049,679.1434,679.06,679.09,679.25,679.02,2026-03-03 17:54:00-05:00,73
831,382.125657,679.0841,679.0208,679.1,679.11,679.0208,2026-03-03 17:56:00-05:00,18
832,194.461608,679.0912,679.0999,679.0999,679.0999,679.0999,2026-03-03 17:57:00-05:00,16
833,451.808418,679.1259,679.2077,679.1,679.2077,679.1,2026-03-03 17:58:00-05:00,12
834,962.393309,679.1004,679.1,679.1,679.12,679.09,2026-03-03 17:59:00-05:00,33
835,7302.720429,678.8391,679.0,678.67,679.0,678.67,2026-03-03 18:00:00-05:00,179
836,4051.045014,678.8863,678.7,679.0301,679.04,678.6619,2026-03-03 18:01:00-05:00,68
837,3253.230929,678.9865,679.03,678.86,679.07,678.85,2026-03-03 18:02:00-05:00,65
838,6853.266693,678.5164,678.76,678.7,678.76,678.42,2026-03-03 18:03:00-05:00,138
839,1251.821439,678.73,678.77,678.65,678.8,678.64,2026-03-03 18:04:00-05:00,41
840,1640.120281,678.5518,678.66,678.44,678.69,678.3487,2026-03-03 18:05:00-05:00,61
841,3175.06767,678.3746,678.37,678.38,678.45,678.27,2026-03-03 18:06:00-05:00,73
842,5235.439044,678.4535,678.4,678.53,678.8,678.29,2026-03-03 18:07:00-05:00,142
843,2468.447111,678.7445,678.61,678.92,678.92,678.61,2026-03-03 18:08:00-05:00,61
844,5620.68428,679.2115,678.92,679.2,679.26,678.92,2026-03-03 18:09:00-05:00,82
845,1249.685417,679.2085,679.19,679.28,679.28,679.19,2026-03-03 18:10:00-05:00,22
846,4674.720215,679.4003,679.28,679.5,679.5,679.27,2026-03-03 18:11:00-05:00,83
847,6540.503881,679.4199,679.37,679.5,679.54,679.35,2026-03-03 18:12:00-05:00,71
848,5958.569877,679.6703,679.59,679.64,679.76,679.59,2026-03-03 18:13:00-05:00,85
849,2021.654571,679.6416,679.62,679.7401,679.7401,679.61,2026-03-03 18:14:00-05:00,48
850,21416.461966,680.065,679.79,679.79,680.2,679.78,2026-03-03 18:15:00-05:00,430
851,2649.049865,679.6528,679.75,679.59,679.75,679.54,2026-03-03 18:16:00-05:00,79
852,115.315028,679.7721,679.747,679.747,679.747,679.747,2026-03-03 18:17:00-05:00,16
853,625.361747,679.7005,679.7,679.7,679.71,679.65,2026-03-03 18:18:00-05:00,24
854,2655.726726,679.6865,679.61,679.85,679.85,679.61,2026-03-03 18:19:00-05:00,66
855,1958.089053,679.6142,679.6,679.64,679.65,679.55,2026-03-03 18:20:00-05:00,56
856,3013.291913,679.5767,679.551,679.66,679.66,679.55,2026-03-03 18:21:00-05:00,38
857,4012.250795,679.5495,679.59,679.34,679.65,679.34,2026-03-03 18:22:00-05:00,72
858,6055.072229,679.4817,679.41,679.34,679.5,679.34,2026-03-03 18:23:00-05:00,57
859,7405.207847,679.2592,679.34,679.21,679.34,679.21,2026-03-03 18:24:00-05:00,70
860,2913.474159,679.2261,679.21,679.22,679.23,679.2,2026-03-03 18:25:00-05:00,50
861,4767.061876,679.1172,679.2,679.04,679.23,679.03,2026-03-03 18:26:00-05:00,57
862,883.998707,678.8582,678.9201,678.8,678.94,678.8,2026-03-03 18:27:00-05:00,40
863,1908.31745,678.8297,678.79,678.85,678.86,678.79,2026-03-03 18:28:00-05:00,30
864,104.067405,678.8946,678.86,678.86,678.86,678.86,2026-03-03 18:29:00-05:00,21
865,1638.271916,678.9275,678.95,678.9099,678.98,678.86,2026-03-03 18:30:00-05:00,39
866,73.040423,678.9327,678.9296,678.9296,678.9296,678.9296,2026-03-03 18:31:00-05:00,13
867,430.019956,678.875,678.86,678.9122,678.9122,678.86,2026-03-03 18:32:00-05:00,21
868,781.936666,678.8637,678.86,678.8812,678.8812,678.86,2026-03-03 18:33:00-05:00,14
869,716.12985,678.9391,678.91,678.99,678.99,678.91,2026-03-03 18:35:00-05:00,30
870,1008.314123,678.9928,678.91,679.01,679.01,678.91,2026-03-03 18:36:00-05:00,26
871,712.250204,679.1206,679.1404,679.09,679.1404,679.09,2026-03-03 18:37:00-05:00,38
872,969.62427,678.9288,678.9418,678.97,678.97,678.89,2026-03-03 18:38:00-05:00,22
873,1145.31318,678.9684,678.97,678.95,678.97,678.95,2026-03-03 18:39:00-05:00,18
874,10469.797308,679.012,678.94,679.06,679.111,678.94,2026-03-03 18:40:00-05:00,36
875,875.71895,679.3352,679.31,679.38,679.381,679.31,2026-03-03 18:41:00-05:00,38
876,100.307017,679.3207,679.33,679.33,679.33,679.33,2026-03-03 18:42:00-05:00,28
877,1054.89902,679.3213,679.3,679.22,679.35,679.22,2026-03-03 18:43:00-05:00,35
878,171.49361,679.1662,679.18,679.16,679.18,679.16,2026-03-03 18:44:00-05:00,21
879,845.421284,679.3457,679.16,679.33,679.45,679.16,2026-03-03 18:45:00-05:00,59
880,93.00133,679.1758,679.18,679.18,679.18,679.18,2026-03-03 18:46:00-05:00,31
881,346.018725,679.1744,679.15,679.19,679.19,679.15,2026-03-03 18:47:00-05:00,15
882,1708.268988,679.2294,679.16,679.33,679.33,679.16,2026-03-03 18:48:00-05:00,36
883,149.189201,679.4013,679.4,679.4,679.4,679.4,2026-03-03 18:49:00-05:00,16
884,756.715307,679.4708,679.5,679.43,679.52,679.43,2026-03-03 18:50:00-05:00,48
885,180.503541,679.3699,679.34,679.34,679.34,679.34,2026-03-03 18:51:00-05:00,30
886,671.910121,679.1188,679.12,679.05,679.12,679.05,2026-03-03 18:52:00-05:00,42
887,816.778168,679.1952,679.16,679.19,679.19,679.16,2026-03-03 18:53:00-05:00,27
888,577.014685,679.2328,679.24,679.25,679.25,679.24,2026-03-03 18:54:00-05:00,26
889,728.35005,679.0958,679.0854,679.1,679.1,679.0854,2026-03-03 18:55:00-05:00,24
890,471.33255,679.128,679.12,679.1,679.15,679.1,2026-03-03 18:56:00-05:00,27
891,2085.242517,679.0764,679.1,679.05,679.1,679.05,2026-03-03 18:57:00-05:00,23
892,1956.25834,679.0377,679.05,678.96,679.05,678.96,2026-03-03 18:58:00-05:00,50
893,2563.087426,678.7325,678.77,678.7099,678.77,678.68,2026-03-03 18:59:00-05:00,76
894,3596.297049,678.5888,678.94,678.48,678.94,678.48,2026-03-03 19:00:00-05:00,141
895,2363.438965,678.4581,678.51,678.5,678.67,678.41,2026-03-03 19:01:00-05:00,54
896,1461.695581,678.4507,678.5,678.47,678.51,678.36,2026-03-03 19:02:00-05:00,62
897,2742.211993,678.5508,678.52,678.55,678.55,678.5109,2026-03-03 19:03:00-05:00,54
898,1912.941279,678.5484,678.7,678.48,678.7,678.48,2026-03-03 19:04:00-05:00,67
899,2512.523722,678.4875,678.47,678.59,678.6,678.34,2026-03-03 19:05:00-05:00,70
900,1234.286976,678.5684,678.48,678.66,678.66,678.47,2026-03-03 19:06:00-05:00,59
901,709.338561,678.5058,678.5,678.51,678.51,678.5,2026-03-03 19:07:00-05:00,27
902,1490.372357,678.4578,678.52,678.42,678.52,678.42,2026-03-03 19:08:00-05:00,52
903,10884.155187,678.653,678.42,679.14,679.14,678.29,2026-03-03 19:09:00-05:00,203
904,1623.79935,678.9768,679.01,678.69,679.07,678.69,2026-03-03 19:10:00-05:00,74
905,1728.733982,678.8997,678.96,678.9617,678.9617,678.82,2026-03-03 19:11:00-05:00,44
906,1315.203675,679.1052,679.0607,679.25,679.25,679.0607,2026-03-03 19:12:00-05:00,48
907,498.016424,679.3079,679.29,679.36,679.36,679.29,2026-03-03 19:13:00-05:00,23
908,3978.431498,679.6636,679.54,679.52,679.71,679.52,2026-03-03 19:14:00-05:00,75
909,361.604363,679.5809,679.51,679.67,679.67,679.51,2026-03-03 19:15:00-05:00,38
910,10403.358638,679.6802,679.67,679.68,679.69,679.66,2026-03-03 19:16:00-05:00,57
911,10126.750178,680.002,679.71,680.08,680.32,679.71,2026-03-03 19:17:00-05:00,236
912,3128.254115,680.253,680.08,680.33,680.33,680.08,2026-03-03 19:18:00-05:00,100
913,7362.472228,680.5925,680.34,680.77,680.77,680.2918,2026-03-03 19:19:00-05:00,161
914,4075.754335,680.7092,680.72,680.52,680.8,680.52,2026-03-03 19:20:00-05:00,79
915,4098.652269,680.718,680.73,680.77,680.77,680.7,2026-03-03 19:21:00-05:00,74
916,3936.01294,680.7957,680.78,680.749,680.92,680.66,2026-03-03 19:22:00-05:00,136
917,3684.019873,680.5907,680.7507,680.44,680.86,680.44,2026-03-03 19:23:00-05:00,108
918,7432.384006,680.4258,680.41,680.24,680.51,680.2,2026-03-03 19:24:00-05:00,98
919,1642.696599,680.3092,680.27,680.33,680.3715,680.27,2026-03-03 19:25:00-05:00,38
920,425.222437,680.3297,680.3301,680.32,680.3301,680.32,2026-03-03 19:26:00-05:00,14
921,1229.190945,680.3304,680.3,680.3299,680.39,680.3,2026-03-03 19:27:00-05:00,54
922,2249.651492,680.2172,680.33,680.17,680.33,680.17,2026-03-03 19:28:00-05:00,47
923,1161.26175,680.1832,680.24,680.16,680.24,680.15,2026-03-03 19:29:00-05:00,40
924,3202.284879,680.0399,680.13,679.94,680.13,679.94,2026-03-03 19:30:00-05:00,68
925,2767.196411,679.7619,680.01,679.69,680.01,679.69,2026-03-03 19:31:00-05:00,56
926,2065.570913,679.5518,679.68,679.4597,679.72,679.4597,2026-03-03 19:32:00-05:00,74
927,2892.889164,679.3174,679.42,679.38,679.42,679.25,2026-03-03 19:33:00-05:00,82
928,909.670266,679.2105,679.38,679.1799,679.38,679.14,2026-03-03 19:34:00-05:00,62
929,2023.41989,679.0345,679.1,679.11,679.19,678.9106,2026-03-03 19:35:00-05:00,86
930,4670.528601,679.0219,679.14,679.0,679.14,679.0,2026-03-03 19:36:00-05:00,46
931,3649.306874,678.9261,679.01,678.85,679.02,678.73,2026-03-03 19:37:00-05:00,74
932,913.366332,678.8886,678.9222,678.92,679.0,678.81,2026-03-03 19:38:00-05:00,47
933,2883.661606,678.7413,678.76,678.83,678.83,678.67,2026-03-03 19:39:00-05:00,69
934,555.166616,678.8341,678.82,678.8,678.9356,678.8,2026-03-03 19:40:00-05:00,39
935,1101.228067,678.6991,678.81,678.73,678.81,678.61,2026-03-03 19:41:00-05:00,54
936,997.631123,678.7054,678.66,678.82,678.82,678.62,2026-03-03 19:42:00-05:00,49
937,434.256987,678.6373,678.72,678.56,678.72,678.56,2026-03-03 19:43:00-05:00,56
938,3019.28705,678.587,678.5,678.71,678.77,678.5,2026-03-03 19:44:00-05:00,59
939,7818.386365,679.0733,678.75,679.14,679.27,678.75,2026-03-03 19:45:00-05:00,108
940,3277.518663,679.3786,679.26,679.31,679.5,679.26,2026-03-03 19:46:00-05:00,65
941,2749.241841,679.5058,679.32,679.64,679.64,679.32,2026-03-03 19:47:00-05:00,78
942,1636.068833,679.67,679.59,679.61,679.72,679.59,2026-03-03 19:48:00-05:00,56
943,679.452319,679.5756,679.57,679.57,679.58,679.57,2026-03-03 19:49:00-05:00,32
944,3350.091014,679.6787,679.59,679.8898,679.8898,679.59,2026-03-03 19:50:00-05:00,72
945,1225.045411,679.8106,679.79,679.8,679.82,679.79,2026-03-03 19:51:00-05:00,48
946,2365.659323,679.8983,679.8,679.94,679.95,679.761,2026-03-03 19:52:00-05:00,68
947,564.403277,679.9182,679.93,679.9107,679.9599,679.9107,2026-03-03 19:53:00-05:00,23
948,2808.157641,679.9579,679.95,679.97,679.97,679.94,2026-03-03 19:54:00-05:00,37
949,1103.089821,679.9214,679.9897,679.9,679.9897,679.89,2026-03-03 19:55:00-05:00,35
950,2727.528179,679.9251,679.9024,679.9,679.99,679.8609,2026-03-03 19:56:00-05:00,63
951,1985.111839,679.6511,679.54,679.76,679.8,679.52,2026-03-03 19:57:00-05:00,64
952,1730.9552,680.0014,679.91,679.9483,680.14,679.91,2026-03-03 19:58:00-05:00,81
953,5446.289609,679.9145,679.931,679.67,680.03,679.67,2026-03-03 19:59:00-05:00,84
