Trd, 000017.269, 131
Trd, 000022.385, 146
Trd, 000036.077, 142
Trd, 000040.385, 139
Trd, 000048.385, 144
Trd, 000053.654, 115
Trd, 000069.962, 129
Trd, 000095.808, 134
Trd, 000098.808, 129
Trd, 000106.462, 128
Trd, 000117.308, 124
Trd, 000137.423, 133
Trd, 000151.000, 131
Trd, 000155.346, 130
Trd, 000159.808, 127
Trd, 000186.346, 121
Trd, 000199.769, 130
Trd, 000202.692, 127
Trd, 000217.462, 133
Trd, 000219.846, 137
Trd, 000229.654, 133
Trd, 000241.462, 121
Trd, 000251.115, 127
Trd, 000257.538, 129
Trd, 000265.615, 147
Trd, 000274.615, 133
Trd, 000280.115, 118
Trd, 000300.192, 128
Trd, 000302.654, 126
Trd, 000313.077, 112
Trd, 000331.000, 149
Trd, 000345.692, 125
Trd, 000352.923, 120
Trd, 000359.192, 121
Trd, 000361.769, 127
Trd, 000373.538, 125
Trd, 000375.077, 132
Trd, 000377.885, 120
Trd, 000383.038, 122
Trd, 000389.346, 131
Trd, 000395.231, 133
Trd, 000451.654, 146
Trd, 000455.462, 138
Trd, 000471.038, 132
Trd, 000481.846, 109
Trd, 000492.731, 134
Trd, 000501.538, 133
Trd, 000522.692, 133
Trd, 000537.346, 124
Trd, 000545.000, 121
Trd, 000546.731, 129
Trd, 000547.154, 141
Trd, 000550.000, 115
Trd, 000569.654, 125
Trd, 000574.962, 123
Trd, 000581.615, 129
Trd, 000586.462, 133
Trd, 000595.308, 135
Trd, 000603.115, 134
Trd, 000621.731, 129
Trd, 000631.231, 127
Trd, 000638.038, 113
Trd, 000655.808, 137
Trd, 000661.846, 125
Trd, 000664.077, 138
Trd, 000675.269, 141
Trd, 000690.385, 143
Trd, 000692.308, 137
Trd, 000712.692, 140
Trd, 000722.192, 143
Trd, 000730.231, 142
Trd, 000760.808, 119
Trd, 000767.923, 128
Trd, 000776.346, 131
Trd, 000780.077, 129
Trd, 000790.269, 136
Trd, 000796.385, 131
Trd, 000817.192, 135
Trd, 000823.077, 141
Trd, 000832.769, 148
Trd, 000844.423, 136
Trd, 000851.500, 127
Trd, 000851.769, 131
Trd, 000860.154, 146
Trd, 000895.538, 136
Trd, 000898.769, 133
Trd, 000904.423, 130
Trd, 000919.769, 123
Trd, 000947.346, 116
Trd, 000953.231, 115
Trd, 000953.846, 123
Trd, 000961.731, 132
Trd, 000971.346, 135
Trd, 000979.846, 128
Trd, 000981.885, 131
Trd, 001001.038, 123
Trd, 001007.885, 123
Trd, 001034.308, 121
Trd, 001037.885, 126
Trd, 001061.885, 125
Trd, 001078.615, 116
Trd, 001082.346, 114
Trd, 001083.000, 126
Trd, 001116.769, 118
Trd, 001117.846, 114
Trd, 001128.500, 119
Trd, 001146.423, 127
Trd, 001164.346, 130
Trd, 001168.462, 126
Trd, 001176.846, 145
Trd, 001184.962, 121
Trd, 001191.654, 128
Trd, 001205.577, 128
Trd, 001207.846, 119
Trd, 001220.269, 128
Trd, 001221.500, 124
Trd, 001242.692, 131
Trd, 001250.538, 121
Trd, 001267.231, 103
Trd, 001274.500, 101
Trd, 001276.885, 102
Trd, 001291.000, 113
Trd, 001305.962, 124
Trd, 001310.692, 127
Trd, 001339.038, 114
Trd, 001348.462, 122
Trd, 001352.654, 111
Trd, 001360.346, 130
Trd, 001360.538, 132
Trd, 001369.654, 147
Trd, 001372.500, 132
Trd, 001383.077, 120
Trd, 001388.500, 121
Trd, 001407.231, 113
Trd, 001410.846, 128
Trd, 001436.038, 131
Trd, 001438.423, 120
Trd, 001458.346, 128
Trd, 001469.192, 125
Trd, 001478.000, 116
Trd, 001480.385, 114
Trd, 001485.538, 116
Trd, 001488.654, 123
Trd, 001489.346, 126
Trd, 001492.308, 112
Trd, 001503.538, 123
Trd, 001521.346, 128
Trd, 001536.423, 122
Trd, 001546.000, 122
Trd, 001554.000, 127
Trd, 001561.654, 107
Trd, 001566.846, 131
Trd, 001579.654, 124
Trd, 001580.885, 123
Trd, 001582.885, 129
Trd, 001586.038, 115
Trd, 001591.731, 139
Trd, 001600.846, 140
Trd, 001604.846, 142
Trd, 001619.308, 134
Trd, 001627.500, 132
Trd, 001629.962, 124
Trd, 001630.731, 126
Trd, 001635.308, 129
Trd, 001641.538, 131
Trd, 001672.308, 119
Trd, 001679.500, 121
Trd, 001688.346, 124
Trd, 001690.192, 112
Trd, 001698.115, 132
Trd, 001713.192, 134
Trd, 001715.269, 116
Trd, 001718.538, 114
Trd, 001729.654, 139
Trd, 001737.269, 122
Trd, 001759.692, 121
Trd, 001790.769, 117
Trd, 001801.038, 120
Trd, 001805.346, 107
Trd, 001806.231, 117
Trd, 001817.462, 121
Trd, 001819.769, 125
Trd, 001828.000, 126
Trd, 001830.615, 127
Trd, 001831.154, 132
Trd, 001833.115, 121
Trd, 001835.038, 127
Trd, 001837.154, 121
Trd, 001848.846, 119
Trd, 001860.154, 118
Trd, 001867.077, 107
Trd, 001871.731, 117
Trd, 001885.538, 111
Trd, 001901.654, 135
Trd, 001916.346, 121
Trd, 001926.038, 122
Trd, 001931.000, 129
Trd, 001944.808, 119
Trd, 001952.654, 123
Trd, 001955.115, 128
Trd, 001971.154, 119
Trd, 001972.192, 126
Trd, 001984.308, 127
Trd, 001995.692, 127
Trd, 002012.231, 127
Trd, 002021.385, 129
Trd, 002039.885, 140
Trd, 002068.154, 131
Trd, 002077.077, 139
Trd, 002087.462, 132
Trd, 002098.923, 122
Trd, 002106.000, 120
Trd, 002128.577, 135
Trd, 002131.346, 120
Trd, 002147.500, 123
Trd, 002149.231, 123
Trd, 002162.923, 117
Trd, 002165.308, 125
Trd, 002170.423, 113
Trd, 002171.923, 107
Trd, 002175.385, 119
Trd, 002196.577, 125
Trd, 002200.808, 127
Trd, 002210.231, 119
Trd, 002227.423, 120
Trd, 002236.269, 117
Trd, 002258.846, 118
Trd, 002260.808, 113
Trd, 002272.231, 126
Trd, 002272.615, 121
Trd, 002285.923, 118
Trd, 002296.615, 109
Trd, 002297.923, 119
Trd, 002309.154, 129
Trd, 002315.346, 124
Trd, 002321.154, 128
Trd, 002328.577, 141
Trd, 002330.385, 130
Trd, 002335.692, 123
Trd, 002339.077, 127
Trd, 002339.962, 125
Trd, 002340.115, 107
Trd, 002360.077, 125
Trd, 002367.231, 130
Trd, 002372.538, 106
Trd, 002378.692, 131
Trd, 002389.731, 125
Trd, 002390.346, 128
Trd, 002391.654, 110
Trd, 002404.000, 131
Trd, 002409.462, 126
Trd, 002417.731, 122
Trd, 002426.038, 121
Trd, 002430.423, 122
Trd, 002437.692, 132
Trd, 002451.423, 125
Trd, 002467.846, 113
Trd, 002468.269, 108
Trd, 002486.269, 117
Trd, 002487.769, 117
Trd, 002489.231, 133
Trd, 002520.077, 114
Trd, 002534.115, 136
Trd, 002552.115, 125
Trd, 002553.731, 128
Trd, 002564.615, 123
Trd, 002569.808, 117
Trd, 002571.962, 116
Trd, 002585.615, 118
Trd, 002595.269, 114
Trd, 002605.923, 117
Trd, 002614.038, 131
Trd, 002616.385, 131
Trd, 002624.423, 112
Trd, 002628.385, 133
Trd, 002630.346, 101
Trd, 002647.538, 131
Trd, 002650.577, 137
Trd, 002655.692, 127
Trd, 002657.038, 131
Trd, 002669.962, 138
Trd, 002671.615, 140
Trd, 002672.346, 138
Trd, 002676.308, 142
Trd, 002677.462, 137
Trd, 002695.577, 118
Trd, 002702.885, 127
Trd, 002707.577, 138
Trd, 002741.731, 132
Trd, 002749.615, 134
Trd, 002762.269, 133
Trd, 002764.846, 119
Trd, 002770.038, 124
Trd, 002771.115, 121
Trd, 002773.769, 122
Trd, 002780.962, 138
Trd, 002783.962, 124
Trd, 002794.500, 130
Trd, 002795.462, 130
Trd, 002799.231, 133
Trd, 002808.308, 127
Trd, 002808.577, 128
Trd, 002810.077, 128
Trd, 002820.154, 118
Trd, 002820.885, 141
Trd, 002829.692, 133
Trd, 002834.808, 134
Trd, 002849.846, 119
Trd, 002850.385, 129
Trd, 002856.731, 123
Trd, 002857.769, 126
Trd, 002859.385, 138
Trd, 002886.769, 127
Trd, 002895.923, 126
Trd, 002901.000, 125
Trd, 002901.692, 126
Trd, 002912.615, 128
Trd, 002933.115, 133
Trd, 002942.000, 129
Trd, 002943.577, 130
Trd, 002944.654, 131
Trd, 002956.192, 135
Trd, 002964.000, 126
Trd, 002970.192, 129
Trd, 002997.385, 138
Trd, 003008.615, 130
Trd, 003010.192, 131
Trd, 003017.654, 131
Trd, 003018.077, 133
Trd, 003023.038, 113
Trd, 003031.577, 138
Trd, 003032.769, 120
Trd, 003040.000, 124
Trd, 003040.231, 126
Trd, 003050.731, 131
Trd, 003066.731, 126
Trd, 003067.462, 129
Trd, 003076.115, 129
Trd, 003084.923, 131
Trd, 003100.346, 135
Trd, 003110.192, 127
Trd, 003115.808, 129
Trd, 003126.077, 126
Trd, 003127.538, 125
Trd, 003129.269, 133
Trd, 003129.654, 121
Trd, 003137.154, 109
Trd, 003154.731, 113
Trd, 003160.692, 122
Trd, 003180.808, 109
Trd, 003191.192, 114
Trd, 003196.577, 116
Trd, 003206.000, 130
Trd, 003217.000, 127
Trd, 003225.231, 132
Trd, 003234.654, 129
Trd, 003247.885, 117
Trd, 003250.692, 106
Trd, 003259.346, 111
Trd, 003268.731, 105
Trd, 003272.577, 114
Trd, 003277.885, 130
Trd, 003290.115, 127
Trd, 003305.115, 136
Trd, 003324.308, 130
Trd, 003339.692, 130
Trd, 003344.615, 122
Trd, 003346.385, 117
Trd, 003354.038, 132
Trd, 003355.962, 122
Trd, 003365.923, 132
Trd, 003372.231, 120
Trd, 003381.692, 117
Trd, 003388.500, 138
Trd, 003402.577, 137
Trd, 003403.346, 132
Trd, 003405.808, 146
Trd, 003419.346, 147
Trd, 003427.692, 118
Trd, 003443.615, 134
Trd, 003445.846, 116
Trd, 003448.615, 123
Trd, 003452.654, 141
Trd, 003469.346, 140
Trd, 003480.346, 141
Trd, 003481.577, 135
Trd, 003483.192, 142
Trd, 003494.692, 124
Trd, 003502.846, 128
Trd, 003508.923, 129
Trd, 003516.000, 138
Trd, 003518.077, 125
Trd, 003532.846, 136
Trd, 003556.423, 125
Trd, 003563.538, 148
Trd, 003571.500, 118
Trd, 003582.115, 136
Trd, 003590.077, 129
Trd, 003592.308, 130
Trd, 003612.038, 132
Trd, 003617.038, 122
Trd, 003634.846, 132
Trd, 003646.808, 132
Trd, 003657.308, 133
Trd, 003670.577, 130
Trd, 003685.923, 132
Trd, 003707.808, 131
Trd, 003717.000, 124
Trd, 003731.731, 131
Trd, 003740.846, 131
Trd, 003749.000, 125
Trd, 003768.846, 121
Trd, 003778.500, 126
Trd, 003779.269, 127
Trd, 003783.923, 121
Trd, 003799.192, 136
Trd, 003799.231, 129
Trd, 003804.231, 141
Trd, 003817.846, 128
Trd, 003819.154, 134
Trd, 003820.500, 125
Trd, 003843.038, 120
Trd, 003847.308, 120
Trd, 003850.423, 126
Trd, 003854.154, 131
Trd, 003855.308, 129
Trd, 003856.538, 128
Trd, 003863.308, 113
Trd, 003871.231, 129
Trd, 003886.808, 126
Trd, 003888.308, 133
Trd, 003891.538, 118
Trd, 003906.654, 124
Trd, 003910.269, 125
Trd, 003914.269, 128
Trd, 003918.115, 119
Trd, 003926.769, 131
Trd, 003939.346, 126
Trd, 003970.500, 128
Trd, 003981.192, 126
Trd, 003988.115, 131
Trd, 003989.692, 134
Trd, 003997.692, 135
Trd, 004004.192, 132
Trd, 004029.385, 130
Trd, 004034.308, 129
Trd, 004044.538, 140
Trd, 004053.423, 131
Trd, 004060.500, 128
Trd, 004080.692, 133
Trd, 004098.000, 132
Trd, 004110.577, 138
Trd, 004119.654, 127
Trd, 004126.269, 117
Trd, 004132.192, 134
Trd, 004147.500, 142
Trd, 004150.692, 133
Trd, 004153.462, 148
Trd, 004170.269, 139
Trd, 004171.769, 138
Trd, 004175.731, 117
Trd, 004177.269, 143
Trd, 004180.346, 118
Trd, 004197.115, 139
Trd, 004199.923, 138
Trd, 004204.538, 136
Trd, 004215.000, 136
Trd, 004225.615, 138
Trd, 004229.154, 131
Trd, 004229.577, 113
Trd, 004237.115, 120
Trd, 004240.654, 121
Trd, 004263.615, 128
Trd, 004269.423, 133
Trd, 004276.500, 125
Trd, 004278.500, 127
Trd, 004290.769, 135
Trd, 004296.385, 137
Trd, 004297.308, 137
Trd, 004309.385, 126
Trd, 004310.231, 121
Trd, 004314.269, 122
Trd, 004318.154, 128
Trd, 004320.192, 126
Trd, 004352.269, 126
Trd, 004359.000, 126
Trd, 004363.500, 131
Trd, 004386.115, 131
Trd, 004398.231, 129
Trd, 004404.808, 139
Trd, 004405.308, 113
Trd, 004415.269, 121
Trd, 004415.577, 118
Trd, 004423.808, 114
Trd, 004444.769, 104
Trd, 004445.885, 125
Trd, 004455.269, 123
Trd, 004461.654, 124
Trd, 004472.923, 132
Trd, 004479.692, 127
Trd, 004480.808, 132
Trd, 004491.769, 134
Trd, 004496.923, 109
Trd, 004499.269, 130
Trd, 004507.269, 136
Trd, 004524.962, 123
Trd, 004537.808, 121
Trd, 004544.846, 127
Trd, 004550.077, 129
Trd, 004551.846, 122
Trd, 004563.192, 128
Trd, 004570.038, 130
Trd, 004576.308, 135
Trd, 004576.846, 129
Trd, 004594.308, 140
Trd, 004604.962, 134
Trd, 004617.577, 136
Trd, 004626.154, 130
Trd, 004630.615, 132
Trd, 004642.231, 128
Trd, 004653.115, 119
Trd, 004653.885, 124
Trd, 004657.923, 121
Trd, 004659.846, 122
Trd, 004661.731, 120
Trd, 004676.692, 136
Trd, 004679.615, 134
Trd, 004689.731, 128
Trd, 004707.231, 141
Trd, 004708.615, 120
Trd, 004729.231, 124
Trd, 004734.500, 136
Trd, 004758.885, 127
Trd, 004759.962, 128
Trd, 004769.615, 125
Trd, 004775.923, 129
Trd, 004780.615, 133
Trd, 004782.731, 127
Trd, 004782.885, 127
Trd, 004797.769, 129
Trd, 004805.269, 124
Trd, 004808.885, 131
Trd, 004819.962, 126
Trd, 004834.423, 144
Trd, 004844.615, 132
Trd, 004852.462, 123
Trd, 004853.846, 126
Trd, 004858.000, 121
Trd, 004876.192, 128
Trd, 004879.308, 125
Trd, 004890.846, 123
Trd, 004900.808, 117
Trd, 004914.731, 119
Trd, 004933.423, 122
Trd, 004947.692, 113
Trd, 004950.192, 126
Trd, 004960.000, 117
Trd, 004989.654, 120
Trd, 004996.577, 114
Trd, 004997.308, 119
Trd, 005017.962, 108
Trd, 005030.654, 113
Trd, 005043.923, 123
Trd, 005066.115, 131
Trd, 005067.385, 129
Trd, 005068.500, 145
Trd, 005076.731, 132
Trd, 005086.654, 123
Trd, 005091.115, 121
Trd, 005093.308, 136
Trd, 005100.269, 132
Trd, 005100.538, 131
Trd, 005113.423, 109
Trd, 005116.731, 128
Trd, 005118.115, 114
Trd, 005121.923, 129
Trd, 005123.115, 114
Trd, 005123.423, 129
Trd, 005150.692, 117
Trd, 005163.615, 130
Trd, 005172.192, 128
Trd, 005175.462, 125
Trd, 005177.308, 121
Trd, 005184.308, 122
Trd, 005188.654, 120
Trd, 005197.115, 124
Trd, 005201.923, 123
Trd, 005210.269, 121
Trd, 005215.538, 133
Trd, 005220.192, 131
Trd, 005228.385, 122
Trd, 005228.692, 122
Trd, 005230.192, 123
Trd, 005236.846, 112
Trd, 005247.692, 121
Trd, 005260.077, 132
Trd, 005262.615, 126
Trd, 005265.346, 122
Trd, 005267.500, 124
Trd, 005291.308, 132
Trd, 005294.077, 131
Trd, 005297.231, 130
Trd, 005311.269, 130
Trd, 005321.077, 131
Trd, 005321.462, 129
Trd, 005323.731, 127
Trd, 005327.962, 132
Trd, 005330.923, 114
Trd, 005336.615, 137
Trd, 005344.308, 120
Trd, 005348.577, 138
Trd, 005364.615, 115
Trd, 005371.423, 134
Trd, 005377.923, 119
Trd, 005379.346, 133
Trd, 005395.808, 132
Trd, 005402.192, 130
Trd, 005407.038, 127
Trd, 005411.462, 135
Trd, 005415.385, 116
Trd, 005435.115, 134
Trd, 005442.615, 135
Trd, 005447.577, 135
Trd, 005455.154, 136
Trd, 005459.000, 136
Trd, 005460.000, 135
Trd, 005461.385, 126
Trd, 005468.885, 127
Trd, 005473.846, 134
Trd, 005474.769, 130
Trd, 005487.500, 121
Trd, 005487.577, 108
Trd, 005487.962, 127
Trd, 005525.962, 121
Trd, 005531.231, 126
Trd, 005533.423, 127
Trd, 005533.808, 129
Trd, 005541.346, 117
Trd, 005547.231, 119
Trd, 005558.346, 133
Trd, 005579.500, 121
Trd, 005586.692, 126
Trd, 005586.923, 135
Trd, 005591.231, 144
Trd, 005591.731, 123
Trd, 005599.192, 135
Trd, 005600.654, 127
Trd, 005603.308, 125
Trd, 005610.038, 132
Trd, 005620.231, 137
Trd, 005622.654, 143
Trd, 005632.231, 131
Trd, 005647.885, 104
Trd, 005652.692, 113
Trd, 005658.154, 118
Trd, 005684.538, 107
Trd, 005712.577, 130
Trd, 005714.192, 121
Trd, 005719.808, 128
Trd, 005732.385, 123
Trd, 005738.231, 122
Trd, 005745.731, 118
Trd, 005765.192, 132
Trd, 005765.731, 118
Trd, 005776.692, 135
Trd, 005779.077, 136
Trd, 005783.269, 127
Trd, 005793.462, 118
Trd, 005803.308, 121
Trd, 005804.346, 132
Trd, 005809.038, 125
Trd, 005813.385, 134
Trd, 005823.231, 132
Trd, 005829.538, 130
Trd, 005832.231, 140
Trd, 005852.000, 132
Trd, 005855.808, 132
Trd, 005863.154, 125
Trd, 005868.500, 142
Trd, 005869.385, 122
Trd, 005874.423, 141
Trd, 005886.154, 119
Trd, 005893.231, 128
Trd, 005906.269, 114
Trd, 005924.462, 127
Trd, 005924.962, 126
Trd, 005933.000, 123
Trd, 005934.615, 132
Trd, 005940.423, 130
Trd, 005948.500, 123
Trd, 005952.038, 121
Trd, 005967.962, 134
Trd, 005976.769, 137
Trd, 005981.731, 125
Trd, 005987.615, 138
Trd, 005988.615, 121
Trd, 005990.231, 121
Trd, 005996.577, 139
Trd, 006007.500, 127
Trd, 006008.769, 133
Trd, 006013.154, 125
Trd, 006017.692, 126
Trd, 006041.154, 137
Trd, 006044.269, 127
Trd, 006069.808, 133
Trd, 006089.154, 136
Trd, 006091.500, 132
Trd, 006096.308, 119
Trd, 006128.308, 127
Trd, 006132.846, 140
Trd, 006136.692, 129
Trd, 006137.000, 132
Trd, 006158.962, 130
Trd, 006163.923, 120
Trd, 006177.192, 139
Trd, 006181.269, 135
Trd, 006185.346, 144
Trd, 006186.000, 134
Trd, 006189.885, 125
Trd, 006204.115, 139
Trd, 006217.038, 143
Trd, 006218.538, 138
Trd, 006232.615, 119
Trd, 006243.692, 146
Trd, 006248.038, 130
Trd, 006255.000, 131
Trd, 006271.346, 128
Trd, 006272.115, 138
Trd, 006281.346, 115
Trd, 006282.462, 122
Trd, 006308.538, 132
Trd, 006326.692, 131
Trd, 006337.346, 142
Trd, 006337.692, 135
Trd, 006338.731, 134
Trd, 006342.731, 133
Trd, 006349.385, 123
Trd, 006356.808, 129
Trd, 006364.423, 130
Trd, 006372.154, 130
Trd, 006383.154, 129
Trd, 006385.115, 130
Trd, 006394.308, 143
Trd, 006404.346, 134
Trd, 006406.577, 135
Trd, 006407.269, 124
Trd, 006425.231, 133
Trd, 006425.808, 132
Trd, 006428.346, 128
Trd, 006442.000, 119
Trd, 006445.385, 123
Trd, 006453.192, 143
Trd, 006453.692, 136
Trd, 006461.192, 123
Trd, 006471.500, 143
Trd, 006482.923, 143
Trd, 006499.538, 150
Trd, 006519.269, 150
Trd, 006544.038, 143
Trd, 006546.231, 143
Trd, 006564.462, 136
Trd, 006583.385, 134
Trd, 006586.769, 128
Trd, 006593.192, 112
Trd, 006598.615, 137
Trd, 006605.038, 124
Trd, 006613.192, 113
Trd, 006621.308, 131
Trd, 006626.577, 129
Trd, 006630.192, 133
Trd, 006643.615, 124
Trd, 006648.423, 143
Trd, 006651.846, 106
Trd, 006654.577, 126
Trd, 006661.000, 128
Trd, 006661.269, 130
Trd, 006666.654, 130
Trd, 006670.462, 141
Trd, 006693.462, 143
Trd, 006694.000, 141
Trd, 006694.077, 132
Trd, 006697.769, 117
Trd, 006699.192, 122
Trd, 006699.308, 119
Trd, 006708.500, 119
Trd, 006718.192, 148
Trd, 006719.000, 136
Trd, 006721.731, 126
Trd, 006735.692, 120
Trd, 006740.538, 128
Trd, 006742.038, 124
Trd, 006743.115, 126
Trd, 006762.000, 129
Trd, 006765.385, 126
Trd, 006779.962, 113
Trd, 006783.615, 124
Trd, 006784.192, 103
Trd, 006787.423, 122
Trd, 006790.077, 126
Trd, 006795.115, 143
Trd, 006796.615, 104
Trd, 006807.308, 124
Trd, 006814.923, 121
Trd, 006840.115, 108
Trd, 006863.962, 121
Trd, 006894.808, 119
Trd, 006898.192, 120
Trd, 006904.462, 123
Trd, 006906.846, 122
Trd, 006909.923, 118
Trd, 006922.846, 118
Trd, 006924.769, 117
Trd, 006930.462, 121
Trd, 006934.808, 123
Trd, 006941.577, 132
Trd, 006941.731, 130
Trd, 006943.308, 139
Trd, 006947.231, 127
Trd, 006963.808, 133
Trd, 006967.423, 135
Trd, 006974.115, 115
Trd, 006976.731, 130
Trd, 006978.154, 117
Trd, 006991.885, 113
Trd, 006994.154, 129
Trd, 006997.269, 121
Trd, 007018.115, 123
Trd, 007026.077, 124
Trd, 007038.192, 126
Trd, 007051.538, 128
Trd, 007058.846, 117
Trd, 007060.577, 127
Trd, 007068.962, 122
Trd, 007070.115, 122
Trd, 007076.538, 129
Trd, 007082.769, 120
Trd, 007089.231, 127
Trd, 007091.538, 119
Trd, 007096.808, 126
Trd, 007097.654, 127
Trd, 007102.269, 133
Trd, 007112.577, 128
Trd, 007123.731, 131
Trd, 007141.923, 123
Trd, 007149.192, 132
Trd, 007161.923, 134
Trd, 007178.962, 127
Trd, 007184.615, 123
Trd, 007204.962, 129
Trd, 007227.346, 118
Trd, 007229.231, 116
Trd, 007239.731, 121
Trd, 007240.462, 128
Trd, 007243.654, 131
Trd, 007250.962, 141
Trd, 007258.115, 121
Trd, 007259.308, 134
Trd, 007267.500, 124
Trd, 007270.692, 132
Trd, 007283.000, 123
Trd, 007288.769, 145
Trd, 007295.654, 130
Trd, 007314.846, 124
Trd, 007319.538, 128
Trd, 007326.731, 146
Trd, 007330.731, 131
Trd, 007334.385, 127
Trd, 007336.231, 122
Trd, 007345.462, 124
Trd, 007353.885, 133
Trd, 007357.885, 131
Trd, 007364.000, 129
Trd, 007370.500, 134
Trd, 007373.962, 137
Trd, 007386.000, 143
Trd, 007397.308, 139
Trd, 007398.308, 124
Trd, 007401.769, 144
Trd, 007420.923, 139
Trd, 007439.154, 141
Trd, 007445.423, 129
Trd, 007448.346, 120
Trd, 007465.385, 134
Trd, 007470.385, 129
Trd, 007501.923, 131
Trd, 007504.462, 128
Trd, 007504.615, 127
Trd, 007513.308, 141
Trd, 007517.038, 124
Trd, 007518.154, 134
Trd, 007537.269, 129
Trd, 007539.500, 131
Trd, 007551.346, 121
Trd, 007551.731, 120
Trd, 007560.346, 116
Trd, 007570.885, 141
Trd, 007573.038, 136
Trd, 007574.115, 115
Trd, 007607.038, 124
Trd, 007618.538, 131
Trd, 007624.615, 132
Trd, 007632.000, 131
Trd, 007635.462, 122
Trd, 007664.038, 120
Trd, 007670.346, 126
Trd, 007670.846, 127
Trd, 007683.692, 114
Trd, 007696.846, 120
Trd, 007699.500, 135
Trd, 007722.000, 130
Trd, 007729.577, 131
Trd, 007742.346, 125
Trd, 007755.038, 128
Trd, 007766.808, 126
Trd, 007779.577, 134
Trd, 007786.885, 127
Trd, 007789.038, 126
Trd, 007795.577, 132
Trd, 007816.000, 135
Trd, 007817.154, 127
Trd, 007822.231, 129
Trd, 007832.500, 129
Trd, 007845.269, 118
Trd, 007853.654, 115
Trd, 007865.192, 131
Trd, 007874.115, 133
Trd, 007897.346, 125
Trd, 007907.692, 131
Trd, 007916.885, 141
Trd, 007936.577, 148
Trd, 007938.077, 102
Trd, 007942.692, 107
Trd, 007947.346, 109
Trd, 007952.577, 124
Trd, 007966.615, 124
Trd, 007975.654, 137
Trd, 007981.269, 125
Trd, 007988.731, 114
Trd, 007995.038, 124
Trd, 007996.115, 131
Trd, 007997.500, 116
Trd, 008000.154, 101
Trd, 008001.000, 102
Trd, 008002.500, 142
Trd, 008003.731, 128
Trd, 008008.423, 111
Trd, 008013.154, 137
Trd, 008023.385, 123
Trd, 008036.385, 134
Trd, 008040.500, 139
Trd, 008044.038, 120
Trd, 008089.577, 124
Trd, 008093.038, 127
Trd, 008098.308, 135
Trd, 008103.192, 117
Trd, 008125.385, 141
Trd, 008133.115, 131
Trd, 008133.923, 131
Trd, 008139.385, 142
Trd, 008144.692, 125
Trd, 008144.769, 124
Trd, 008147.808, 123
Trd, 008169.923, 132
Trd, 008174.500, 129
Trd, 008192.269, 130
Trd, 008208.231, 123
Trd, 008220.692, 124
Trd, 008223.538, 126
Trd, 008235.346, 130
Trd, 008236.500, 125
Trd, 008247.077, 134
Trd, 008251.038, 132
Trd, 008256.923, 130
Trd, 008271.038, 131
Trd, 008273.692, 129
Trd, 008274.923, 128
Trd, 008310.269, 130
Trd, 008317.615, 131
Trd, 008323.923, 116
Trd, 008327.385, 124
Trd, 008337.077, 137
Trd, 008349.308, 131
Trd, 008357.346, 130
Trd, 008367.192, 135
Trd, 008368.538, 125
Trd, 008369.385, 123
Trd, 008385.385, 113
Trd, 008389.692, 134
Trd, 008396.962, 117
Trd, 008397.192, 121
Trd, 008397.769, 122
Trd, 008405.115, 126
Trd, 008410.654, 131
Trd, 008424.462, 131
Trd, 008441.308, 127
Trd, 008446.615, 113
Trd, 008457.769, 118
Trd, 008459.077, 117
Trd, 008471.231, 121
Trd, 008479.385, 127
Trd, 008495.269, 140
Trd, 008496.769, 133
Trd, 008500.577, 137
Trd, 008504.538, 132
Trd, 008525.115, 132
Trd, 008525.923, 134
Trd, 008541.500, 129
Trd, 008548.962, 116
Trd, 008550.500, 121
Trd, 008557.308, 129
Trd, 008559.654, 147
Trd, 008572.577, 128
Trd, 008584.231, 117
Trd, 008584.500, 118
Trd, 008596.462, 116
Trd, 008601.038, 124
Trd, 008612.000, 127
Trd, 008616.808, 138
Trd, 008624.000, 122
Trd, 008624.038, 121
Trd, 008624.231, 125
Trd, 008628.154, 116
Trd, 008631.731, 124
Trd, 008634.423, 125
Trd, 008659.385, 141
Trd, 008675.769, 129
Trd, 008681.000, 122
Trd, 008696.577, 120
Trd, 008698.462, 127
Trd, 008711.308, 122
Trd, 008723.692, 113
Trd, 008725.692, 115
Trd, 008745.423, 127
Trd, 008749.615, 106
Trd, 008752.885, 136
Trd, 008760.577, 125
Trd, 008765.154, 136
Trd, 008769.385, 132
Trd, 008773.923, 130
Trd, 008777.385, 132
Trd, 008781.615, 134
Trd, 008788.231, 136
Trd, 008797.538, 142
Trd, 008814.462, 141
Trd, 008814.692, 137
Trd, 008818.538, 141
Trd, 008836.731, 137
Trd, 008836.885, 135
Trd, 008849.731, 134
Trd, 008849.808, 133
Trd, 008860.731, 121
Trd, 008873.115, 113
Trd, 008887.885, 123
Trd, 008908.154, 115
Trd, 008913.962, 118
Trd, 008922.615, 123
Trd, 008928.885, 125
Trd, 008933.346, 138
Trd, 008938.231, 111
Trd, 008973.077, 118
Trd, 008977.192, 120
Trd, 009001.500, 129
Trd, 009001.962, 121
Trd, 009006.346, 120
Trd, 009017.000, 120
Trd, 009018.346, 136
Trd, 009030.500, 123
Trd, 009051.231, 148
Trd, 009065.000, 138
Trd, 009077.231, 130
Trd, 009093.654, 112
Trd, 009096.115, 116
Trd, 009102.577, 119
Trd, 009107.038, 136
Trd, 009115.538, 127
Trd, 009124.731, 120
Trd, 009129.654, 130
Trd, 009138.462, 106
Trd, 009165.615, 115
Trd, 009172.231, 104
Trd, 009173.000, 123
Trd, 009196.000, 134
Trd, 009214.423, 123
Trd, 009224.654, 120
Trd, 009227.500, 123
Trd, 009237.577, 117
Trd, 009257.538, 134
Trd, 009269.231, 133
Trd, 009274.346, 141
Trd, 009286.231, 131
Trd, 009289.846, 128
Trd, 009300.692, 129
Trd, 009309.962, 129
Trd, 009337.346, 143
Trd, 009338.346, 132
Trd, 009339.192, 127
Trd, 009340.269, 112
Trd, 009347.885, 122
Trd, 009362.577, 135
Trd, 009380.231, 119
Trd, 009386.192, 123
Trd, 009393.346, 110
Trd, 009398.654, 114
Trd, 009401.077, 145
Trd, 009421.692, 126
Trd, 009422.962, 130
Trd, 009423.692, 131
Trd, 009429.346, 118
Trd, 009435.654, 143
Trd, 009443.923, 138
Trd, 009458.538, 139
Trd, 009466.115, 131
Trd, 009489.731, 136
Trd, 009493.462, 138
Trd, 009498.615, 133
Trd, 009522.231, 110
Trd, 009530.731, 113
Trd, 009548.615, 125
Trd, 009574.077, 115
Trd, 009574.885, 131
Trd, 009577.654, 143
Trd, 009589.462, 135
Trd, 009594.769, 114
Trd, 009597.808, 115
Trd, 009606.846, 135
Trd, 009610.769, 148
Trd, 009637.846, 134
Trd, 009649.154, 125
Trd, 009650.462, 118
Trd, 009656.885, 126
Trd, 009657.192, 137
Trd, 009668.962, 128
Trd, 009680.654, 129
Trd, 009695.962, 120
Trd, 009696.538, 121
Trd, 009704.308, 100
Trd, 009722.808, 105
Trd, 009740.692, 112
Trd, 009754.500, 127
Trd, 009769.000, 109
Trd, 009769.115, 108
Trd, 009774.731, 113
Trd, 009783.615, 107
Trd, 009792.692, 114
Trd, 009796.154, 115
Trd, 009802.462, 131
Trd, 009819.462, 117
Trd, 009825.462, 121
Trd, 009828.769, 125
Trd, 009835.538, 131
Trd, 009838.538, 105
Trd, 009849.808, 104
Trd, 009866.346, 128
Trd, 009874.538, 128
Trd, 009876.885, 130
Trd, 009877.346, 102
Trd, 009883.154, 137
Trd, 009904.423, 132
Trd, 009905.577, 133
Trd, 009915.077, 135
Trd, 009931.846, 138
Trd, 009949.308, 129
Trd, 009950.269, 122
Trd, 009952.538, 141
Trd, 009961.885, 115
Trd, 009976.808, 136
Trd, 009994.231, 123
Trd, 009998.154, 129
Trd, 010011.962, 137
Trd, 010025.769, 134
Trd, 010027.192, 136
Trd, 010029.808, 135
Trd, 010053.077, 128
Trd, 010063.769, 128
Trd, 010078.962, 125
Trd, 010087.615, 126
Trd, 010098.154, 130
Trd, 010099.615, 136
Trd, 010102.038, 137
Trd, 010106.308, 128
Trd, 010113.192, 138
Trd, 010114.962, 122
Trd, 010117.731, 117
Trd, 010123.769, 128
Trd, 010134.269, 128
Trd, 010142.654, 135
Trd, 010145.000, 119
Trd, 010149.500, 119
Trd, 010175.077, 106
Trd, 010186.154, 116
Trd, 010193.846, 112
Trd, 010200.000, 117
Trd, 010206.269, 118
Trd, 010222.385, 137
Trd, 010224.808, 114
Trd, 010225.692, 128
Trd, 010231.038, 121
Trd, 010237.385, 121
Trd, 010240.269, 113
Trd, 010249.577, 112
Trd, 010269.154, 115
Trd, 010293.962, 121
Trd, 010301.846, 107
Trd, 010304.000, 125
Trd, 010305.615, 128
Trd, 010311.692, 124
Trd, 010317.154, 129
Trd, 010331.115, 117
Trd, 010338.423, 120
Trd, 010359.154, 114
Trd, 010378.231, 121
Trd, 010382.962, 111
Trd, 010386.538, 128
Trd, 010408.808, 136
Trd, 010416.808, 135
Trd, 010419.769, 121
Trd, 010427.615, 128
Trd, 010431.538, 118
Trd, 010435.000, 120
Trd, 010436.923, 130
Trd, 010439.038, 130
Trd, 010447.769, 135
Trd, 010447.962, 108
Trd, 010473.269, 118
Trd, 010474.038, 119
Trd, 010476.654, 128
Trd, 010483.923, 120
Trd, 010491.500, 120
Trd, 010495.231, 127
Trd, 010500.962, 130
Trd, 010502.885, 140
Trd, 010505.385, 126
Trd, 010507.346, 126
Trd, 010509.231, 112
Trd, 010528.038, 132
Trd, 010532.385, 114
Trd, 010535.731, 128
Trd, 010549.923, 130
Trd, 010559.615, 134
Trd, 010563.692, 136
Trd, 010567.577, 131
Trd, 010575.923, 134
Trd, 010589.000, 120
Trd, 010595.462, 124
Trd, 010601.577, 120
Trd, 010601.731, 125
Trd, 010604.538, 118
Trd, 010613.192, 134
Trd, 010622.346, 120
Trd, 010626.231, 118
Trd, 010641.808, 137
Trd, 010655.269, 119
Trd, 010663.231, 125
Trd, 010672.462, 126
Trd, 010676.769, 127
Trd, 010692.192, 146
Trd, 010695.885, 143
Trd, 010714.577, 121
Trd, 010717.192, 130
Trd, 010728.154, 125
Trd, 010731.385, 129
Trd, 010741.962, 125
Trd, 010747.731, 134
Trd, 010754.346, 146
Trd, 010762.346, 140
Trd, 010769.731, 127
Trd, 010794.385, 119
Trd, 010802.808, 129
Trd, 010804.846, 126
Trd, 010821.346, 136
Trd, 010823.731, 132
Trd, 010826.846, 121
Trd, 010834.654, 127
Trd, 010837.462, 127
Trd, 010838.962, 127
Trd, 010862.154, 127
Trd, 010867.885, 128
Trd, 010893.269, 123
Trd, 010905.923, 124
Trd, 010921.231, 129
Trd, 010948.192, 131
Trd, 010949.654, 128
Trd, 010953.231, 124
Trd, 010965.885, 118
Trd, 010967.462, 131
Trd, 010968.731, 112
Trd, 010974.462, 124
Trd, 010976.962, 139
Trd, 010983.115, 119
Trd, 010987.346, 136
Trd, 010991.000, 139
Trd, 010995.654, 121
Trd, 011012.462, 131
Trd, 011016.615, 129
Trd, 011020.385, 124
Trd, 011025.654, 124
Trd, 011035.923, 131
Trd, 011047.115, 115
Trd, 011048.231, 114
Trd, 011065.269, 129
Trd, 011067.231, 133
Trd, 011078.654, 144
Trd, 011086.346, 145
Trd, 011129.538, 133
Trd, 011131.077, 134
Trd, 011141.654, 114
Trd, 011144.962, 101
Trd, 011145.115, 143
Trd, 011163.385, 109
Trd, 011163.962, 127
Trd, 011170.923, 118
Trd, 011175.654, 132
Trd, 011176.231, 131
Trd, 011181.577, 125
Trd, 011182.962, 132
Trd, 011183.615, 134
Trd, 011201.308, 119
Trd, 011204.692, 128
Trd, 011211.077, 138
Trd, 011214.269, 138
Trd, 011219.038, 148
Trd, 011236.269, 149
Trd, 011245.077, 137
Trd, 011273.423, 140
Trd, 011282.692, 136
Trd, 011286.423, 135
Trd, 011294.885, 130
Trd, 011299.538, 126
Trd, 011305.231, 131
Trd, 011313.423, 128
Trd, 011317.769, 121
Trd, 011328.115, 132
Trd, 011328.885, 131
Trd, 011334.038, 138
Trd, 011340.500, 133
Trd, 011354.577, 126
Trd, 011354.962, 119
Trd, 011363.000, 139
Trd, 011370.308, 127
Trd, 011379.500, 122
Trd, 011382.423, 123
Trd, 011384.731, 129
Trd, 011396.577, 126
Trd, 011414.269, 136
Trd, 011416.385, 137
Trd, 011421.077, 127
Trd, 011421.962, 127
Trd, 011444.962, 110
Trd, 011445.423, 127
Trd, 011461.385, 136
Trd, 011468.577, 125
Trd, 011489.346, 126
Trd, 011493.462, 125
Trd, 011525.962, 123
Trd, 011527.731, 104
Trd, 011539.923, 122
Trd, 011542.000, 133
Trd, 011544.038, 124
Trd, 011548.115, 125
Trd, 011551.500, 125
Trd, 011579.500, 129
Trd, 011589.000, 136
Trd, 011597.692, 129
Trd, 011600.500, 137
Trd, 011613.308, 118
Trd, 011638.577, 127
Trd, 011649.923, 131
Trd, 011652.500, 130
Trd, 011662.385, 128
Trd, 011663.692, 127
Trd, 011665.077, 133
Trd, 011665.231, 132
Trd, 011673.615, 118
Trd, 011675.038, 124
Trd, 011680.192, 111
Trd, 011682.885, 126
Trd, 011697.423, 115
Trd, 011710.231, 125
Trd, 011718.462, 127
Trd, 011723.577, 128
Trd, 011725.231, 132
Trd, 011737.846, 116
Trd, 011749.000, 114
Trd, 011749.192, 105
Trd, 011760.615, 110
Trd, 011781.500, 101
Trd, 011783.346, 111
Trd, 011799.308, 121
Trd, 011808.615, 117
Trd, 011833.808, 114
Trd, 011836.846, 116
Trd, 011845.346, 120
Trd, 011854.154, 121
Trd, 011871.808, 120
Trd, 011875.269, 126
Trd, 011878.385, 131
Trd, 011893.462, 133
Trd, 011921.962, 122
Trd, 011930.192, 125
Trd, 011932.423, 115
Trd, 011946.308, 128
Trd, 011964.769, 125
Trd, 011965.308, 108
Trd, 011972.269, 123
Trd, 011972.462, 124
Trd, 011980.577, 128
Trd, 011985.769, 142
Trd, 011991.538, 132
Trd, 011994.692, 124
Trd, 011995.423, 125
Trd, 012008.423, 120
Trd, 012024.769, 109
Trd, 012027.654, 125
Trd, 012034.423, 102
Trd, 012054.654, 115
Trd, 012062.654, 117
Trd, 012082.231, 122
Trd, 012083.923, 126
Trd, 012096.500, 122
Trd, 012102.115, 122
Trd, 012104.538, 126
Trd, 012117.731, 135
Trd, 012119.962, 134
Trd, 012132.115, 135
Trd, 012132.154, 129
Trd, 012136.577, 129
Trd, 012147.577, 108
Trd, 012162.154, 127
Trd, 012162.808, 113
Trd, 012168.692, 141
Trd, 012182.038, 134
Trd, 012182.115, 117
Trd, 012187.654, 114
Trd, 012189.538, 124
Trd, 012201.077, 131
Trd, 012204.962, 134
Trd, 012210.154, 131
Trd, 012214.462, 123
Trd, 012215.269, 129
Trd, 012221.615, 146
Trd, 012226.385, 108
Trd, 012233.269, 115
Trd, 012234.615, 124
Trd, 012237.615, 110
Trd, 012250.846, 113
Trd, 012263.846, 124
Trd, 012265.846, 127
Trd, 012269.808, 134
Trd, 012289.000, 124
Trd, 012295.038, 121
Trd, 012300.000, 120
Trd, 012312.923, 130
Trd, 012319.577, 123
Trd, 012328.385, 122
Trd, 012335.538, 121
Trd, 012337.923, 126
Trd, 012338.385, 121
Trd, 012355.923, 103
Trd, 012356.615, 105
Trd, 012359.385, 123
Trd, 012374.423, 132
Trd, 012381.423, 130
Trd, 012390.808, 125
Trd, 012393.962, 113
Trd, 012402.231, 136
Trd, 012416.500, 126
Trd, 012424.423, 134
Trd, 012425.538, 133
Trd, 012428.115, 119
Trd, 012431.192, 116
Trd, 012432.269, 131
Trd, 012448.923, 115
Trd, 012453.385, 116
Trd, 012480.731, 130
Trd, 012503.538, 140
Trd, 012503.885, 133
Trd, 012507.423, 124
Trd, 012526.308, 144
Trd, 012533.962, 143
Trd, 012545.692, 132
Trd, 012546.385, 127
Trd, 012555.000, 122
Trd, 012568.385, 127
Trd, 012576.154, 140
Trd, 012584.385, 139
Trd, 012592.077, 128
Trd, 012593.654, 129
Trd, 012607.731, 127
Trd, 012612.538, 131
Trd, 012628.385, 106
Trd, 012630.615, 111
Trd, 012635.462, 115
Trd, 012636.769, 124
Trd, 012645.000, 119
Trd, 012648.115, 115
Trd, 012658.808, 117
Trd, 012665.385, 129
Trd, 012672.846, 118
Trd, 012674.731, 142
Trd, 012676.423, 139
Trd, 012679.192, 115
Trd, 012680.731, 123
Trd, 012701.038, 133
Trd, 012703.423, 123
Trd, 012713.577, 107
Trd, 012717.538, 115
Trd, 012733.808, 133
Trd, 012745.192, 123
Trd, 012747.654, 115
Trd, 012748.885, 117
Trd, 012753.346, 135
Trd, 012759.962, 130
Trd, 012764.346, 127
Trd, 012767.615, 128
Trd, 012799.962, 114
Trd, 012818.154, 106
Trd, 012832.038, 110
Trd, 012849.077, 106
Trd, 012855.385, 110
Trd, 012861.231, 120
Trd, 012865.115, 121
Trd, 012873.038, 123
Trd, 012882.038, 117
Trd, 012907.538, 132
Trd, 012907.846, 125
Trd, 012917.154, 134
Trd, 012927.692, 131
Trd, 012937.808, 130
Trd, 012942.269, 120
Trd, 012945.346, 114
Trd, 012949.269, 120
Trd, 012961.615, 124
Trd, 012965.038, 116
Trd, 012966.538, 117
Trd, 012978.885, 132
Trd, 012985.615, 129
Trd, 012997.692, 141
Trd, 013009.962, 135
Trd, 013018.615, 121
Trd, 013026.462, 125
Trd, 013027.346, 127
Trd, 013053.654, 137
Trd, 013059.885, 145
Trd, 013071.462, 139
Trd, 013081.962, 127
Trd, 013096.885, 141
Trd, 013098.115, 120
Trd, 013100.808, 141
Trd, 013118.000, 125
Trd, 013124.462, 127
Trd, 013125.692, 125
Trd, 013139.462, 127
Trd, 013141.615, 130
Trd, 013146.423, 122
Trd, 013154.808, 140
Trd, 013162.923, 143
Trd, 013165.577, 140
Trd, 013178.423, 122
Trd, 013197.654, 119
Trd, 013201.808, 122
Trd, 013212.077, 129
Trd, 013217.038, 136
Trd, 013228.500, 134
Trd, 013247.192, 133
Trd, 013263.885, 115
Trd, 013279.346, 132
Trd, 013292.885, 132
Trd, 013293.269, 131
Trd, 013310.231, 133
Trd, 013312.923, 129
Trd, 013330.385, 141
Trd, 013333.923, 127
Trd, 013342.769, 140
Trd, 013348.000, 130
Trd, 013361.923, 144
Trd, 013379.692, 131
Trd, 013381.308, 129
Trd, 013391.846, 129
Trd, 013401.769, 136
Trd, 013421.115, 137
Trd, 013431.577, 139
Trd, 013439.692, 131
Trd, 013443.962, 126
Trd, 013447.154, 128
Trd, 013447.231, 129
Trd, 013454.846, 124
Trd, 013463.808, 117
Trd, 013476.808, 127
Trd, 013480.192, 121
Trd, 013486.654, 136
Trd, 013500.962, 131
Trd, 013528.115, 133
Trd, 013531.154, 133
Trd, 013531.885, 132
Trd, 013532.038, 130
Trd, 013542.346, 110
Trd, 013571.346, 136
Trd, 013571.731, 128
Trd, 013583.346, 138
Trd, 013590.077, 123
Trd, 013590.923, 129
Trd, 013593.731, 130
Trd, 013597.154, 131
Trd, 013608.846, 111
Trd, 013611.077, 117
Trd, 013615.615, 124
Trd, 013617.423, 125
Trd, 013622.692, 129
Trd, 013636.192, 135
Trd, 013648.731, 124
Trd, 013658.538, 115
Trd, 013687.846, 125
Trd, 013693.077, 138
Trd, 013705.615, 140
Trd, 013706.192, 149
Trd, 013706.654, 130
Trd, 013713.038, 124
Trd, 013728.077, 123
Trd, 013750.115, 132
Trd, 013759.500, 126
Trd, 013766.769, 124
Trd, 013779.577, 124
Trd, 013780.462, 134
Trd, 013798.846, 135
Trd, 013802.615, 132
Trd, 013805.346, 108
Trd, 013815.423, 126
Trd, 013817.885, 120
Trd, 013818.154, 121
Trd, 013822.615, 122
Trd, 013838.077, 123
Trd, 013839.500, 124
Trd, 013868.192, 127
Trd, 013875.231, 125
Trd, 013884.808, 128
Trd, 013889.154, 128
Trd, 013890.962, 128
Trd, 013894.577, 129
Trd, 013897.692, 128
Trd, 013906.154, 133
Trd, 013907.423, 126
Trd, 013921.115, 136
Trd, 013933.846, 129
Trd, 013938.538, 113
Trd, 013942.115, 111
Trd, 013942.154, 130
Trd, 013948.385, 120
Trd, 013954.808, 112
Trd, 013955.885, 131
Trd, 013964.385, 122
Trd, 013988.846, 123
Trd, 013993.846, 125
Trd, 014008.077, 136
Trd, 014014.692, 138
Trd, 014019.423, 137
Trd, 014026.769, 143
Trd, 014041.269, 136
Trd, 014056.115, 145
Trd, 014059.423, 140
Trd, 014062.500, 140
Trd, 014081.115, 135
Trd, 014083.962, 122
Trd, 014084.231, 125
Trd, 014088.692, 141
Trd, 014092.423, 131
Trd, 014101.115, 107
Trd, 014114.885, 120
Trd, 014123.846, 107
Trd, 014124.115, 110
Trd, 014130.500, 130
Trd, 014143.346, 138
Trd, 014144.154, 132
Trd, 014146.308, 130
Trd, 014163.846, 125
Trd, 014175.846, 129
Trd, 014184.308, 132
Trd, 014191.269, 118
Trd, 014196.231, 117
Trd, 014201.077, 123
Trd, 014214.462, 129
Trd, 014220.192, 130
Trd, 014228.846, 133
Trd, 014229.385, 118
Trd, 014251.769, 121
Trd, 014262.577, 127
Trd, 014270.462, 121
Trd, 014271.000, 117
Trd, 014277.808, 137
Trd, 014277.885, 135
Trd, 014282.346, 117
Trd, 014305.308, 132
Trd, 014320.154, 129
Trd, 014327.731, 131
Trd, 014333.077, 127
Trd, 014372.308, 130
Trd, 014384.769, 115
Trd, 014398.692, 105
Trd, 014400.962, 126
Trd, 014408.385, 130
Trd, 014415.962, 123
Trd, 014420.038, 112
Trd, 014443.538, 121
Trd, 014459.385, 126
Trd, 014464.577, 122
Trd, 014466.192, 139
Trd, 014498.808, 140
Trd, 014501.038, 146
Trd, 014510.231, 136
Trd, 014513.192, 147
Trd, 014523.654, 143
Trd, 014523.923, 129
Trd, 014565.769, 138
Trd, 014573.962, 115
Trd, 014585.462, 142
Trd, 014602.231, 136
Trd, 014615.500, 140
Trd, 014621.923, 132
Trd, 014630.769, 133
Trd, 014632.923, 131
Trd, 014634.846, 126
Trd, 014642.500, 118
Trd, 014652.769, 125
Trd, 014655.385, 133
Trd, 014659.308, 123
Trd, 014694.462, 134
Trd, 014705.654, 134
Trd, 014714.962, 131
Trd, 014719.962, 132
Trd, 014728.538, 129
Trd, 014743.577, 129
Trd, 014749.500, 128
Trd, 014762.423, 130
Trd, 014768.615, 137
Trd, 014769.231, 133
Trd, 014776.423, 137
Trd, 014779.038, 138
Trd, 014781.346, 124
Trd, 014795.115, 142
Trd, 014797.308, 125
Trd, 014825.346, 137
Trd, 014834.846, 136
Trd, 014848.115, 125
Trd, 014853.385, 129
Trd, 014876.654, 141
Trd, 014878.654, 140
Trd, 014889.885, 106
Trd, 014903.077, 147
Trd, 014908.885, 140
Trd, 014920.000, 123
Trd, 014927.038, 132
Trd, 014928.923, 130
Trd, 014946.231, 131
Trd, 014970.577, 128
Trd, 014979.808, 122
Trd, 014996.154, 120
Trd, 014998.577, 130
Trd, 015001.731, 128
Trd, 015016.308, 135
Trd, 015016.500, 121
Trd, 015022.385, 120
Trd, 015033.077, 127
Trd, 015034.154, 126
Trd, 015040.885, 118
Trd, 015043.577, 120
Trd, 015055.885, 122
Trd, 015059.962, 128
Trd, 015064.846, 132
Trd, 015069.615, 124
Trd, 015074.615, 131
Trd, 015084.731, 131
Trd, 015084.846, 124
Trd, 015093.615, 142
Trd, 015095.962, 125
Trd, 015096.154, 136
Trd, 015096.500, 141
Trd, 015097.885, 126
Trd, 015099.923, 135
Trd, 015102.346, 119
Trd, 015112.538, 124
Trd, 015136.269, 137
Trd, 015136.346, 127
Trd, 015142.769, 138
Trd, 015147.346, 137
Trd, 015148.615, 132
Trd, 015148.846, 144
Trd, 015158.115, 130
Trd, 015162.346, 122
Trd, 015170.462, 129
Trd, 015183.615, 130
Trd, 015184.577, 135
Trd, 015187.462, 125
Trd, 015194.231, 129
Trd, 015200.192, 127
Trd, 015205.538, 121
Trd, 015209.038, 137
Trd, 015209.692, 113
Trd, 015215.192, 134
Trd, 015218.346, 125
Trd, 015232.385, 128
Trd, 015234.846, 127
Trd, 015247.000, 135
Trd, 015259.385, 124
Trd, 015270.731, 125
Trd, 015281.000, 103
Trd, 015282.923, 116
Trd, 015283.769, 120
Trd, 015295.346, 111
Trd, 015296.769, 114
Trd, 015307.769, 124
Trd, 015316.615, 132
Trd, 015318.654, 141
Trd, 015322.192, 133
Trd, 015329.923, 138
Trd, 015330.269, 137
Trd, 015334.500, 119
Trd, 015343.731, 132
Trd, 015347.115, 122
Trd, 015347.423, 123
Trd, 015362.962, 137
Trd, 015370.577, 117
Trd, 015375.115, 112
Trd, 015382.808, 123
Trd, 015383.577, 128
Trd, 015395.231, 123
Trd, 015396.769, 132
Trd, 015405.923, 134
Trd, 015422.654, 136
Trd, 015423.115, 136
Trd, 015424.115, 138
Trd, 015430.115, 114
Trd, 015447.346, 134
Trd, 015458.808, 120
Trd, 015462.769, 125
Trd, 015488.500, 136
Trd, 015495.385, 121
Trd, 015503.346, 117
Trd, 015507.923, 124
Trd, 015510.885, 132
Trd, 015515.231, 129
Trd, 015526.692, 122
Trd, 015530.962, 119
Trd, 015537.538, 114
Trd, 015540.308, 121
Trd, 015548.885, 132
Trd, 015549.731, 132
Trd, 015573.692, 120
Trd, 015579.500, 133
Trd, 015581.923, 131
Trd, 015597.731, 129
Trd, 015597.962, 128
Trd, 015603.423, 130
Trd, 015608.769, 125
Trd, 015625.000, 128
Trd, 015634.731, 108
Trd, 015636.154, 138
Trd, 015640.808, 117
Trd, 015658.462, 128
Trd, 015670.577, 123
Trd, 015698.462, 128
Trd, 015716.269, 120
Trd, 015725.000, 122
Trd, 015736.731, 130
Trd, 015737.654, 131
Trd, 015747.538, 135
Trd, 015765.115, 127
Trd, 015766.769, 124
Trd, 015773.885, 130
Trd, 015791.231, 133
Trd, 015792.500, 120
Trd, 015795.654, 111
Trd, 015808.692, 119
Trd, 015817.385, 119
Trd, 015833.885, 120
Trd, 015834.000, 121
Trd, 015835.385, 121
Trd, 015842.923, 123
Trd, 015845.308, 123
Trd, 015858.269, 135
Trd, 015861.654, 122
Trd, 015876.654, 127
Trd, 015879.308, 113
Trd, 015888.923, 123
Trd, 015894.808, 120
Trd, 015908.462, 120
Trd, 015911.808, 122
Trd, 015923.808, 125
Trd, 015934.346, 107
Trd, 015942.731, 109
Trd, 015950.962, 105
Trd, 015958.923, 111
Trd, 015972.769, 124
Trd, 015984.154, 123
Trd, 015993.846, 128
Trd, 015996.615, 127
Trd, 016014.115, 118
Trd, 016019.654, 134
Trd, 016019.846, 125
Trd, 016021.615, 125
Trd, 016025.846, 115
Trd, 016026.615, 113
Trd, 016027.154, 137
Trd, 016043.577, 108
Trd, 016047.038, 128
Trd, 016065.731, 121
Trd, 016067.192, 123
Trd, 016079.962, 122
Trd, 016091.500, 128
Trd, 016115.846, 125
Trd, 016116.269, 112
Trd, 016121.269, 116
Trd, 016133.500, 125
Trd, 016139.346, 134
Trd, 016145.308, 130
Trd, 016146.538, 122
Trd, 016158.692, 123
Trd, 016172.500, 122
Trd, 016186.115, 129
Trd, 016187.000, 130
Trd, 016188.154, 147
Trd, 016188.731, 123
Trd, 016209.154, 128
Trd, 016211.846, 129
Trd, 016214.346, 135
Trd, 016218.808, 130
Trd, 016223.885, 145
Trd, 016239.731, 132
Trd, 016246.038, 133
Trd, 016256.154, 129
Trd, 016262.846, 132
Trd, 016265.115, 137
Trd, 016268.577, 131
Trd, 016281.577, 123
Trd, 016283.538, 121
Trd, 016287.577, 124
Trd, 016310.423, 127
Trd, 016311.269, 128
Trd, 016318.115, 129
Trd, 016319.115, 129
Trd, 016327.346, 122
Trd, 016330.192, 132
Trd, 016345.308, 127
Trd, 016346.038, 126
Trd, 016353.385, 125
Trd, 016369.654, 123
Trd, 016379.115, 121
Trd, 016381.769, 131
Trd, 016386.346, 136
Trd, 016405.192, 118
Trd, 016408.154, 119
Trd, 016416.385, 118
Trd, 016424.423, 141
Trd, 016441.615, 145
Trd, 016445.769, 149
Trd, 016447.115, 140
Trd, 016448.000, 138
Trd, 016460.154, 127
Trd, 016461.269, 134
Trd, 016464.923, 125
Trd, 016469.038, 146
Trd, 016470.962, 132
Trd, 016481.615, 124
Trd, 016483.385, 124
Trd, 016486.500, 126
Trd, 016500.192, 134
Trd, 016505.885, 136
Trd, 016507.423, 128
Trd, 016512.115, 131
Trd, 016512.846, 132
Trd, 016522.577, 130
Trd, 016529.038, 125
Trd, 016537.346, 126
Trd, 016549.846, 124
Trd, 016549.923, 129
Trd, 016551.769, 122
Trd, 016569.962, 117
Trd, 016601.077, 135
Trd, 016610.308, 129
Trd, 016625.077, 120
Trd, 016626.346, 120
Trd, 016630.269, 132
Trd, 016642.000, 130
Trd, 016649.808, 131
Trd, 016656.846, 129
Trd, 016660.038, 135
Trd, 016662.538, 127
Trd, 016670.423, 123
Trd, 016689.077, 133
Trd, 016690.231, 136
Trd, 016699.808, 136
Trd, 016702.269, 132
Trd, 016703.192, 130
Trd, 016715.423, 130
Trd, 016718.385, 135
Trd, 016722.038, 131
Trd, 016724.346, 131
Trd, 016729.115, 138
Trd, 016739.615, 124
Trd, 016742.231, 125
Trd, 016743.077, 129
Trd, 016746.923, 121
Trd, 016747.038, 122
Trd, 016752.923, 114
Trd, 016761.346, 126
Trd, 016761.885, 128
Trd, 016764.885, 125
Trd, 016775.154, 133
Trd, 016788.308, 127
Trd, 016788.462, 120
Trd, 016790.154, 122
Trd, 016790.500, 124
Trd, 016803.808, 142
Trd, 016811.346, 130
Trd, 016821.808, 127
Trd, 016831.577, 137
Trd, 016840.885, 129
Trd, 016846.808, 132
Trd, 016859.500, 129
Trd, 016863.385, 129
Trd, 016867.077, 134
Trd, 016878.269, 139
Trd, 016882.231, 138
Trd, 016903.308, 137
Trd, 016905.346, 135
Trd, 016906.577, 144
Trd, 016914.038, 143
Trd, 016924.462, 140
Trd, 016927.462, 134
Trd, 016932.808, 139
Trd, 016933.538, 133
Trd, 016960.269, 138
Trd, 016976.731, 117
Trd, 016987.000, 119
Trd, 017007.346, 127
Trd, 017007.731, 128
Trd, 017012.962, 133
Trd, 017013.808, 121
Trd, 017014.115, 137
Trd, 017035.846, 138
Trd, 017044.923, 143
Trd, 017054.115, 130
Trd, 017054.731, 132
Trd, 017069.231, 130
Trd, 017077.423, 118
Trd, 017080.462, 120
Trd, 017083.462, 132
Trd, 017098.462, 107
Trd, 017128.615, 127
Trd, 017134.962, 120
Trd, 017141.115, 112
Trd, 017144.192, 149
Trd, 017153.654, 134
Trd, 017165.538, 125
Trd, 017170.654, 130
Trd, 017189.000, 135
Trd, 017197.692, 132
Trd, 017201.115, 125
Trd, 017207.615, 125
Trd, 017232.846, 114
Trd, 017241.885, 111
Trd, 017245.808, 132
Trd, 017263.038, 112
Trd, 017272.154, 135
Trd, 017294.192, 130
Trd, 017317.038, 137
Trd, 017317.423, 130
Trd, 017320.038, 122
Trd, 017325.731, 132
Trd, 017330.731, 128
Trd, 017348.231, 142
Trd, 017350.846, 128
Trd, 017381.000, 132
Trd, 017394.577, 127
Trd, 017403.346, 139
Trd, 017408.808, 141
Trd, 017418.231, 133
Trd, 017428.500, 134
Trd, 017430.615, 124
Trd, 017438.885, 138
Trd, 017440.154, 138
Trd, 017445.769, 134
Trd, 017463.000, 132
Trd, 017464.077, 133
Trd, 017473.154, 129
Trd, 017474.885, 127
Trd, 017480.115, 126
Trd, 017489.538, 131
Trd, 017496.769, 133
Trd, 017506.577, 129
Trd, 017508.077, 138
Trd, 017521.808, 142
Trd, 017522.154, 138
Trd, 017523.231, 142
Trd, 017532.731, 143
Trd, 017536.115, 108
Trd, 017539.923, 128
Trd, 017540.654, 129
Trd, 017544.923, 149
Trd, 017546.923, 130
Trd, 017569.923, 135
Trd, 017571.692, 134
Trd, 017587.192, 138
Trd, 017596.962, 130
Trd, 017602.346, 130
Trd, 017616.500, 129
Trd, 017623.923, 136
Trd, 017646.115, 136
Trd, 017650.462, 136
Trd, 017651.500, 139
Trd, 017680.308, 130
Trd, 017685.308, 133
Trd, 017694.808, 131
Trd, 017695.962, 130
Trd, 017725.192, 125
Trd, 017730.654, 135
Trd, 017738.962, 136
Trd, 017742.500, 139
Trd, 017744.192, 138
Trd, 017754.231, 133
Trd, 017762.962, 134
Trd, 017764.346, 124
Trd, 017774.885, 132
Trd, 017779.346, 135
Trd, 017787.500, 139
Trd, 017792.462, 119
Trd, 017813.962, 124
Trd, 017816.269, 120
Trd, 017816.962, 122
Trd, 017819.808, 120
Trd, 017830.769, 120
Trd, 017842.538, 119
Trd, 017846.462, 118
Trd, 017851.538, 114
Trd, 017869.115, 125
Trd, 017878.577, 128
Trd, 017898.731, 126
Trd, 017912.231, 133
Trd, 017920.000, 125
Trd, 017922.231, 129
Trd, 017932.615, 109
Trd, 017939.962, 126
Trd, 017945.538, 131
Trd, 017963.500, 135
Trd, 017971.538, 129
Trd, 017982.192, 129
Trd, 018005.154, 128
Trd, 018010.885, 132
Trd, 018011.885, 122
Trd, 018017.462, 121
Trd, 018028.846, 145
Trd, 018035.269, 110
Trd, 018039.692, 123
Trd, 018047.269, 125
Trd, 018055.692, 131
Trd, 018055.962, 120
Trd, 018065.308, 123
Trd, 018070.231, 121
Trd, 018082.654, 125
Trd, 018086.231, 119
Trd, 018093.731, 121
Trd, 018106.846, 117
Trd, 018109.462, 128
Trd, 018122.577, 130
Trd, 018137.385, 123
Trd, 018143.346, 127
Trd, 018160.346, 125
Trd, 018164.423, 129
Trd, 018174.577, 125
Trd, 018183.038, 126
Trd, 018184.731, 147
Trd, 018198.769, 117
Trd, 018204.962, 122
Trd, 018212.885, 146
Trd, 018215.923, 125
Trd, 018216.577, 116
Trd, 018225.077, 140
Trd, 018225.808, 140
Trd, 018242.962, 129
Trd, 018246.577, 134
Trd, 018248.192, 130
Trd, 018250.269, 129
Trd, 018253.192, 128
Trd, 018258.000, 121
Trd, 018268.115, 111
Trd, 018270.538, 108
Trd, 018275.038, 113
Trd, 018278.615, 106
Trd, 018285.000, 116
Trd, 018294.077, 116
Trd, 018298.038, 129
Trd, 018332.538, 137
Trd, 018337.038, 127
Trd, 018344.154, 120
Trd, 018359.192, 131
Trd, 018363.538, 127
Trd, 018365.077, 123
Trd, 018368.462, 141
Trd, 018378.000, 128
Trd, 018383.769, 124
Trd, 018386.423, 130
Trd, 018393.192, 138
Trd, 018394.923, 130
Trd, 018395.615, 122
Trd, 018416.923, 137
Trd, 018417.692, 136
Trd, 018419.308, 131
Trd, 018423.269, 129
Trd, 018428.731, 130
Trd, 018431.308, 132
Trd, 018448.577, 109
Trd, 018450.346, 129
Trd, 018467.692, 120
Trd, 018480.577, 121
Trd, 018490.846, 131
Trd, 018503.846, 122
Trd, 018510.308, 125
Trd, 018514.077, 126
Trd, 018526.154, 128
Trd, 018539.692, 135
Trd, 018552.846, 145
Trd, 018554.615, 129
Trd, 018563.808, 130
Trd, 018586.731, 131
Trd, 018588.577, 129
Trd, 018599.462, 131
Trd, 018629.000, 122
Trd, 018629.308, 125
Trd, 018632.000, 139
Trd, 018641.962, 128
Trd, 018656.000, 130
Trd, 018664.808, 130
Trd, 018669.385, 134
Trd, 018682.962, 136
Trd, 018689.154, 134
Trd, 018692.885, 131
Trd, 018698.731, 134
Trd, 018702.038, 135
Trd, 018702.962, 127
Trd, 018708.577, 130
Trd, 018728.462, 122
Trd, 018732.692, 129
Trd, 018738.808, 136
Trd, 018744.154, 135
Trd, 018746.346, 131
Trd, 018757.269, 128
Trd, 018759.038, 121
Trd, 018775.038, 135
Trd, 018776.192, 132
Trd, 018791.731, 132
Trd, 018826.808, 132
Trd, 018828.000, 129
Trd, 018829.962, 117
Trd, 018834.731, 118
Trd, 018839.462, 129
Trd, 018848.154, 136
Trd, 018853.962, 134
Trd, 018869.231, 134
Trd, 018883.808, 131
Trd, 018901.538, 128
Trd, 018906.423, 123
Trd, 018913.423, 129
Trd, 018917.154, 126
Trd, 018930.846, 126
Trd, 018947.500, 124
Trd, 018948.385, 136
Trd, 018974.346, 136
Trd, 018981.423, 127
Trd, 018988.346, 130
Trd, 018989.962, 118
Trd, 019014.808, 123
Trd, 019023.308, 124
Trd, 019026.885, 129
Trd, 019045.308, 124
Trd, 019051.500, 124
Trd, 019061.731, 130
Trd, 019064.500, 119
Trd, 019081.846, 127
Trd, 019088.654, 123
Trd, 019089.615, 131
Trd, 019090.115, 121
Trd, 019096.692, 107
Trd, 019097.731, 130
Trd, 019102.846, 119
Trd, 019108.808, 126
Trd, 019114.269, 127
Trd, 019117.615, 128
Trd, 019127.692, 124
Trd, 019128.000, 125
Trd, 019142.346, 115
Trd, 019149.654, 117
Trd, 019157.346, 113
Trd, 019169.923, 117
Trd, 019170.231, 116
Trd, 019182.077, 129
Trd, 019191.962, 124
Trd, 019203.154, 129
Trd, 019205.000, 135
Trd, 019206.846, 131
Trd, 019212.731, 126
Trd, 019241.346, 129
Trd, 019242.077, 129
Trd, 019246.962, 120
Trd, 019256.154, 125
Trd, 019260.231, 137
Trd, 019264.846, 138
Trd, 019266.462, 128
Trd, 019278.692, 122
Trd, 019285.692, 139
Trd, 019290.038, 110
Trd, 019299.385, 116
Trd, 019312.038, 125
Trd, 019313.769, 121
Trd, 019316.500, 117
Trd, 019318.885, 135
Trd, 019338.808, 133
Trd, 019343.038, 131
Trd, 019349.000, 115
Trd, 019353.115, 128
Trd, 019357.538, 130
Trd, 019363.462, 125
Trd, 019367.385, 125
Trd, 019369.154, 135
Trd, 019377.385, 130
Trd, 019385.538, 129
Trd, 019388.077, 115
Trd, 019398.192, 123
Trd, 019404.231, 113
Trd, 019414.000, 116
Trd, 019425.577, 127
Trd, 019428.769, 115
Trd, 019435.692, 120
Trd, 019440.308, 134
Trd, 019442.962, 112
Trd, 019444.692, 133
Trd, 019454.231, 102
Trd, 019460.654, 132
Trd, 019462.231, 100
Trd, 019465.115, 128
Trd, 019485.923, 132
Trd, 019486.192, 130
Trd, 019486.462, 126
Trd, 019491.231, 133
Trd, 019502.731, 129
Trd, 019506.462, 141
Trd, 019507.077, 127
Trd, 019514.962, 126
Trd, 019515.538, 107
Trd, 019516.808, 127
Trd, 019538.962, 131
Trd, 019564.154, 123
Trd, 019570.308, 124
Trd, 019572.769, 121
Trd, 019574.577, 122
Trd, 019580.692, 137
Trd, 019594.577, 134
Trd, 019604.077, 134
Trd, 019617.538, 132
Trd, 019618.308, 133
Trd, 019633.923, 128
Trd, 019652.385, 126
Trd, 019654.962, 142
Trd, 019660.154, 130
Trd, 019669.962, 126
Trd, 019677.385, 119
Trd, 019685.038, 127
Trd, 019685.115, 123
Trd, 019692.885, 125
Trd, 019694.962, 122
Trd, 019703.269, 107
Trd, 019706.846, 138
Trd, 019724.423, 127
Trd, 019742.423, 132
Trd, 019749.000, 127
Trd, 019749.923, 124
Trd, 019780.115, 131
Trd, 019784.846, 134
Trd, 019785.500, 126
Trd, 019797.538, 127
Trd, 019800.038, 121
Trd, 019803.462, 121
Trd, 019812.654, 129
Trd, 019816.423, 127
Trd, 019816.885, 130
Trd, 019817.692, 125
Trd, 019821.615, 118
Trd, 019825.115, 132
Trd, 019827.154, 137
Trd, 019834.808, 117
Trd, 019835.154, 120
Trd, 019848.692, 136
Trd, 019859.385, 138
Trd, 019863.154, 145
Trd, 019880.808, 134
Trd, 019883.846, 135
Trd, 019892.692, 134
Trd, 019893.269, 137
Trd, 019893.962, 130
Trd, 019899.308, 125
Trd, 019899.538, 130
Trd, 019911.808, 133
Trd, 019932.846, 136
Trd, 019948.346, 148
Trd, 019980.731, 134
Trd, 019983.423, 133
Trd, 019989.000, 130
Trd, 020007.846, 119
Trd, 020018.269, 121
Trd, 020021.692, 129
Trd, 020036.577, 127
Trd, 020037.615, 123
Trd, 020041.269, 122
Trd, 020066.462, 124
Trd, 020067.731, 140
Trd, 020070.577, 127
Trd, 020078.923, 125
Trd, 020090.846, 125
Trd, 020103.423, 129
Trd, 020104.308, 121
Trd, 020106.962, 130
Trd, 020111.154, 113
Trd, 020116.192, 119
Trd, 020119.577, 132
Trd, 020123.538, 117
Trd, 020128.423, 135
Trd, 020129.923, 124
Trd, 020139.269, 122
Trd, 020143.308, 119
Trd, 020158.731, 128
Trd, 020183.423, 138
Trd, 020199.038, 133
Trd, 020200.923, 130
Trd, 020207.077, 144
Trd, 020214.423, 143
Trd, 020218.346, 142
Trd, 020221.115, 129
Trd, 020226.154, 128
Trd, 020235.654, 125
Trd, 020243.269, 131
Trd, 020245.192, 129
Trd, 020259.462, 131
Trd, 020262.077, 134
Trd, 020262.808, 133
Trd, 020266.346, 132
Trd, 020286.154, 134
Trd, 020296.192, 137
Trd, 020298.885, 127
Trd, 020318.077, 138
Trd, 020322.385, 134
Trd, 020330.346, 132
Trd, 020351.115, 131
Trd, 020360.692, 129
Trd, 020363.808, 117
Trd, 020398.731, 141
Trd, 020408.192, 126
Trd, 020416.423, 127
Trd, 020423.038, 127
Trd, 020426.462, 126
Trd, 020446.231, 138
Trd, 020449.385, 131
Trd, 020452.808, 142
Trd, 020463.077, 137
Trd, 020478.654, 140
Trd, 020499.231, 146
Trd, 020503.615, 143
Trd, 020508.654, 132
Trd, 020525.308, 145
Trd, 020529.077, 144
Trd, 020539.115, 140
Trd, 020544.731, 137
Trd, 020556.269, 148
Trd, 020556.346, 147
Trd, 020564.154, 138
Trd, 020567.962, 131
Trd, 020592.500, 128
Trd, 020596.231, 132
Trd, 020596.577, 138
Trd, 020597.423, 137
Trd, 020628.923, 128
Trd, 020640.538, 124
Trd, 020640.731, 126
Trd, 020641.962, 136
Trd, 020644.769, 129
Trd, 020662.000, 118
Trd, 020684.538, 111
Trd, 020687.462, 115
Trd, 020694.077, 131
Trd, 020700.038, 140
Trd, 020705.077, 144
Trd, 020713.846, 135
Trd, 020721.346, 131
Trd, 020724.346, 135
Trd, 020727.923, 131
Trd, 020733.154, 124
Trd, 020757.731, 130
Trd, 020768.077, 134
Trd, 020771.769, 130
Trd, 020782.462, 149
Trd, 020796.692, 133
Trd, 020806.885, 143
Trd, 020820.231, 128
Trd, 020837.654, 123
Trd, 020850.385, 124
Trd, 020865.462, 122
Trd, 020868.346, 132
Trd, 020873.577, 128
Trd, 020885.346, 132
Trd, 020902.154, 137
Trd, 020906.769, 124
Trd, 020913.231, 137
Trd, 020914.462, 133
Trd, 020945.077, 135
Trd, 020953.692, 131
Trd, 020953.923, 116
Trd, 020955.538, 129
Trd, 020961.385, 125
Trd, 020964.385, 127
Trd, 020967.654, 123
Trd, 020974.885, 125
Trd, 020983.385, 118
Trd, 020996.577, 123
Trd, 021012.000, 121
Trd, 021022.769, 124
Trd, 021024.077, 134
Trd, 021045.615, 134
Trd, 021052.808, 129
Trd, 021066.154, 118
Trd, 021079.308, 132
Trd, 021084.038, 136
Trd, 021088.731, 134
Trd, 021091.577, 134
Trd, 021096.500, 128
Trd, 021109.846, 127
Trd, 021119.731, 139
Trd, 021137.615, 136
Trd, 021138.077, 115
Trd, 021148.077, 126
Trd, 021151.808, 111
Trd, 021161.654, 129
Trd, 021182.192, 124
Trd, 021194.731, 124
Trd, 021198.654, 126
Trd, 021199.769, 136
Trd, 021202.885, 139
Trd, 021220.000, 129
Trd, 021228.692, 134
Trd, 021229.462, 133
Trd, 021237.346, 132
Trd, 021245.038, 126
Trd, 021247.269, 129
Trd, 021248.500, 127
Trd, 021258.038, 127
Trd, 021263.538, 128
Trd, 021283.192, 127
Trd, 021290.769, 127
Trd, 021296.192, 133
Trd, 021305.462, 128
Trd, 021320.077, 128
Trd, 021320.615, 114
Trd, 021334.962, 128
Trd, 021354.385, 146
Trd, 021358.731, 137
Trd, 021369.269, 120
Trd, 021372.846, 121
Trd, 021384.577, 126
Trd, 021387.846, 127
Trd, 021390.731, 126
Trd, 021391.346, 131
Trd, 021392.269, 113
Trd, 021417.154, 134
Trd, 021420.346, 141
Trd, 021435.192, 140
Trd, 021447.577, 144
Trd, 021454.692, 137
Trd, 021458.577, 135
Trd, 021467.808, 127
Trd, 021468.923, 117
Trd, 021470.731, 121
Trd, 021473.308, 117
Trd, 021473.731, 121
Trd, 021482.846, 148
Trd, 021491.077, 120
Trd, 021493.385, 120
Trd, 021502.346, 133
Trd, 021506.423, 128
Trd, 021508.423, 140
Trd, 021508.462, 128
Trd, 021529.615, 138
Trd, 021534.308, 129
Trd, 021537.808, 134
Trd, 021542.885, 121
Trd, 021545.654, 113
Trd, 021550.654, 120
Trd, 021565.000, 142
Trd, 021566.769, 130
Trd, 021577.731, 139
Trd, 021579.385, 121
Trd, 021601.731, 132
Trd, 021603.077, 130
Trd, 021621.192, 128
Trd, 021629.231, 123
Trd, 021636.538, 128
Trd, 021641.423, 137
Trd, 021644.654, 124
Trd, 021655.962, 123
Trd, 021658.346, 126
Trd, 021660.500, 127
Trd, 021670.500, 126
Trd, 021678.654, 129
Trd, 021684.346, 118
Trd, 021686.000, 137
Trd, 021689.192, 141
Trd, 021701.423, 129
Trd, 021707.692, 129
Trd, 021709.923, 118
Trd, 021710.269, 120
Trd, 021713.846, 133
Trd, 021720.846, 123
Trd, 021730.654, 131
Trd, 021742.077, 124
Trd, 021743.385, 125
Trd, 021744.692, 123
Trd, 021755.808, 125
Trd, 021758.308, 136
Trd, 021762.731, 128
Trd, 021769.808, 124
Trd, 021770.615, 119
Trd, 021774.538, 124
Trd, 021777.538, 136
Trd, 021793.538, 129
Trd, 021800.654, 139
Trd, 021802.808, 136
Trd, 021804.385, 129
Trd, 021818.538, 118
Trd, 021833.615, 124
Trd, 021834.615, 142
Trd, 021848.615, 132
Trd, 021851.654, 127
Trd, 021862.385, 116
Trd, 021868.692, 118
Trd, 021874.654, 125
Trd, 021912.731, 116
Trd, 021917.769, 123
Trd, 021926.731, 120
Trd, 021936.423, 119
Trd, 021938.962, 130
Trd, 021950.385, 118
Trd, 021961.038, 126
Trd, 021962.423, 129
Trd, 021969.154, 121
Trd, 021983.462, 127
Trd, 021987.846, 137
Trd, 021993.769, 132
Trd, 022007.346, 127
Trd, 022029.808, 142
Trd, 022038.115, 130
Trd, 022050.462, 119
Trd, 022053.423, 128
Trd, 022063.769, 124
Trd, 022070.038, 119
Trd, 022079.308, 127
Trd, 022081.423, 128
Trd, 022094.769, 107
Trd, 022098.231, 109
Trd, 022103.192, 110
Trd, 022106.962, 127
Trd, 022108.962, 117
Trd, 022116.577, 124
Trd, 022117.500, 117
Trd, 022122.000, 138
Trd, 022123.500, 133
Trd, 022126.038, 115
Trd, 022135.423, 131
Trd, 022138.538, 123
Trd, 022150.423, 113
Trd, 022157.577, 131
Trd, 022164.962, 123
Trd, 022167.000, 118
Trd, 022174.423, 107
Trd, 022185.269, 108
Trd, 022188.577, 127
Trd, 022191.077, 130
Trd, 022195.385, 137
Trd, 022201.346, 121
Trd, 022205.962, 115
Trd, 022221.731, 121
Trd, 022225.615, 122
Trd, 022235.077, 113
Trd, 022244.192, 122
Trd, 022263.808, 118
Trd, 022289.192, 118
Trd, 022295.692, 131
Trd, 022300.038, 122
Trd, 022306.308, 122
Trd, 022306.654, 131
Trd, 022307.962, 131
Trd, 022325.385, 119
Trd, 022327.231, 118
Trd, 022327.885, 117
Trd, 022339.538, 125
Trd, 022345.462, 121
Trd, 022349.538, 133
Trd, 022362.769, 126
Trd, 022367.500, 122
Trd, 022379.231, 112
Trd, 022389.923, 116
Trd, 022397.923, 111
Trd, 022418.385, 101
Trd, 022422.769, 126
Trd, 022452.538, 123
Trd, 022453.538, 125
Trd, 022463.192, 119
Trd, 022471.038, 125
Trd, 022473.115, 136
Trd, 022476.423, 126
Trd, 022478.692, 123
Trd, 022484.423, 127
Trd, 022485.577, 110
Trd, 022490.154, 116
Trd, 022501.038, 121
Trd, 022506.577, 125
Trd, 022516.269, 116
Trd, 022516.462, 131
Trd, 022529.308, 116
Trd, 022538.154, 132
Trd, 022547.846, 117
Trd, 022555.923, 116
Trd, 022559.885, 119
Trd, 022563.769, 108
Trd, 022566.500, 125
Trd, 022582.846, 128
Trd, 022590.308, 132
Trd, 022608.231, 125
Trd, 022615.000, 118
Trd, 022640.500, 135
Trd, 022646.654, 128
Trd, 022648.846, 124
Trd, 022658.654, 127
Trd, 022661.385, 121
Trd, 022663.038, 129
Trd, 022666.615, 119
Trd, 022683.962, 128
Trd, 022693.731, 124
Trd, 022702.269, 127
Trd, 022720.192, 132
Trd, 022721.769, 129
Trd, 022724.615, 109
Trd, 022735.769, 118
Trd, 022743.808, 131
Trd, 022746.192, 129
Trd, 022764.385, 124
Trd, 022768.000, 131
Trd, 022787.731, 131
Trd, 022800.346, 124
Trd, 022815.577, 122
Trd, 022820.538, 113
Trd, 022823.769, 111
Trd, 022826.500, 114
Trd, 022828.000, 124
Trd, 022837.231, 111
Trd, 022841.231, 116
Trd, 022849.538, 119
Trd, 022853.769, 119
Trd, 022862.769, 125
Trd, 022869.115, 115
Trd, 022870.500, 114
Trd, 022877.769, 135
Trd, 022880.962, 130
Trd, 022882.038, 124
Trd, 022884.500, 120
Trd, 022887.885, 100
Trd, 022888.577, 111
Trd, 022896.615, 121
Trd, 022917.038, 124
Trd, 022932.808, 133
Trd, 022946.000, 131
Trd, 022949.923, 128
Trd, 022958.500, 128
Trd, 022964.038, 126
Trd, 022964.654, 127
Trd, 022967.308, 119
Trd, 022976.538, 139
Trd, 022992.615, 130
Trd, 022998.385, 130
Trd, 023011.769, 105
Trd, 023012.308, 107
Trd, 023016.192, 122
Trd, 023023.500, 128
Trd, 023050.769, 133
Trd, 023052.308, 125
Trd, 023059.423, 120
Trd, 023063.308, 130
Trd, 023085.115, 130
Trd, 023087.115, 108
Trd, 023092.731, 112
Trd, 023104.154, 124
Trd, 023122.769, 123
Trd, 023130.615, 127
Trd, 023148.231, 120
Trd, 023149.808, 120
Trd, 023154.885, 117
Trd, 023159.577, 129
Trd, 023173.000, 136
Trd, 023176.038, 135
Trd, 023179.038, 129
Trd, 023184.923, 136
Trd, 023189.385, 138
Trd, 023194.231, 127
Trd, 023202.423, 125
Trd, 023223.308, 130
Trd, 023228.808, 125
Trd, 023243.885, 124
Trd, 023246.731, 123
Trd, 023256.962, 134
Trd, 023269.500, 128
Trd, 023281.615, 139
Trd, 023289.462, 137
Trd, 023294.885, 129
Trd, 023310.346, 134
Trd, 023317.462, 114
Trd, 023320.269, 136
Trd, 023332.154, 115
Trd, 023336.346, 135
Trd, 023338.615, 131
Trd, 023348.385, 127
Trd, 023355.808, 124
Trd, 023359.346, 136
Trd, 023365.231, 127
Trd, 023384.038, 130
Trd, 023388.962, 127
Trd, 023392.038, 124
Trd, 023400.192, 126
Trd, 023401.577, 128
Trd, 023405.654, 131
Trd, 023415.615, 130
Trd, 023422.154, 119
Trd, 023425.462, 130
Trd, 023439.077, 132
Trd, 023439.269, 132
Trd, 023443.769, 134
Trd, 023453.500, 128
Trd, 023455.000, 122
Trd, 023459.962, 133
Trd, 023464.808, 124
Trd, 023468.077, 123
Trd, 023472.731, 100
Trd, 023484.192, 112
Trd, 023486.000, 128
Trd, 023506.423, 138
Trd, 023518.269, 116
Trd, 023536.269, 117
Trd, 023541.154, 119
Trd, 023542.038, 113
Trd, 023547.846, 114
Trd, 023575.538, 108
Trd, 023577.077, 108
Trd, 023581.769, 109
Trd, 023592.500, 113
Trd, 023603.500, 120
Trd, 023605.308, 122
Trd, 023623.077, 113
Trd, 023639.808, 118
Trd, 023657.192, 105
Trd, 023664.654, 126
Trd, 023664.769, 125
Trd, 023669.577, 111
Trd, 023676.885, 128
Trd, 023684.462, 136
Trd, 023687.154, 129
Trd, 023689.154, 121
Trd, 023697.462, 132
Trd, 023703.154, 126
Trd, 023719.885, 116
Trd, 023725.308, 119
Trd, 023727.731, 128
Trd, 023733.115, 120
Trd, 023747.808, 112
Trd, 023753.962, 116
Trd, 023758.462, 106
Trd, 023786.500, 125
Trd, 023792.423, 110
Trd, 023796.038, 131
Trd, 023800.231, 121
Trd, 023807.308, 118
Trd, 023823.577, 127
Trd, 023835.000, 123
Trd, 023845.885, 124
Trd, 023862.423, 137
Trd, 023869.269, 119
Trd, 023874.846, 122
Trd, 023875.000, 116
Trd, 023894.769, 132
Trd, 023901.462, 128
Trd, 023910.808, 139
Trd, 023934.808, 129
Trd, 023935.462, 112
Trd, 023947.500, 115
Trd, 023948.731, 128
Trd, 023971.308, 119
Trd, 023971.731, 112
Trd, 023979.462, 120
Trd, 023990.962, 123
Trd, 024002.615, 115
Trd, 024006.154, 120
Trd, 024011.308, 110
Trd, 024011.500, 114
Trd, 024031.692, 108
Trd, 024033.462, 113
Trd, 024045.769, 122
Trd, 024046.462, 122
Trd, 024046.769, 121
Trd, 024054.192, 118
Trd, 024072.654, 117
Trd, 024085.154, 112
Trd, 024095.885, 121
Trd, 024098.846, 125
Trd, 024109.462, 126
Trd, 024121.192, 102
Trd, 024129.577, 107
Trd, 024129.615, 112
Trd, 024132.962, 120
Trd, 024144.769, 122
Trd, 024151.846, 129
Trd, 024157.346, 129
Trd, 024164.000, 119
Trd, 024164.308, 122
Trd, 024169.769, 145
Trd, 024181.731, 134
Trd, 024188.615, 142
Trd, 024200.923, 143
Trd, 024201.000, 139
Trd, 024206.077, 140
Trd, 024208.462, 135
Trd, 024212.577, 124
Trd, 024217.000, 149
Trd, 024230.731, 134
Trd, 024233.038, 128
Trd, 024237.577, 128
Trd, 024244.577, 124
Trd, 024254.308, 111
Trd, 024268.308, 115
Trd, 024284.423, 118
Trd, 024296.885, 127
Trd, 024324.577, 108
Trd, 024336.231, 124
Trd, 024343.385, 116
Trd, 024344.808, 115
Trd, 024357.885, 139
Trd, 024366.192, 136
Trd, 024373.154, 138
Trd, 024394.808, 137
Trd, 024407.000, 126
Trd, 024418.615, 122
Trd, 024425.692, 132
Trd, 024438.808, 134
Trd, 024463.808, 131
Trd, 024464.692, 132
Trd, 024487.346, 117
Trd, 024491.231, 113
Trd, 024502.077, 109
Trd, 024512.308, 130
Trd, 024523.615, 135
Trd, 024525.462, 140
Trd, 024532.500, 126
Trd, 024539.615, 124
Trd, 024542.192, 125
Trd, 024564.731, 127
Trd, 024567.346, 121
Trd, 024582.423, 121
Trd, 024587.038, 110
Trd, 024605.269, 120
Trd, 024627.615, 123
Trd, 024633.231, 118
Trd, 024645.269, 123
Trd, 024646.308, 123
Trd, 024664.808, 126
Trd, 024677.077, 124
Trd, 024683.077, 118
Trd, 024697.962, 120
Trd, 024705.885, 121
Trd, 024713.692, 120
Trd, 024717.654, 121
Trd, 024721.500, 119
Trd, 024733.154, 125
Trd, 024739.231, 119
Trd, 024743.692, 131
Trd, 024745.615, 143
Trd, 024753.885, 126
Trd, 024765.000, 121
Trd, 024777.423, 118
Trd, 024780.346, 124
Trd, 024783.269, 121
Trd, 024799.731, 119
Trd, 024800.308, 119
Trd, 024810.308, 111
Trd, 024812.385, 113
Trd, 024812.654, 119
Trd, 024813.346, 132
Trd, 024818.308, 121
Trd, 024833.077, 116
Trd, 024842.423, 123
Trd, 024845.154, 111
Trd, 024855.654, 123
Trd, 024856.885, 119
Trd, 024860.462, 126
Trd, 024875.808, 134
Trd, 024885.962, 130
Trd, 024890.308, 127
Trd, 024901.192, 114
Trd, 024907.654, 114
Trd, 024912.038, 116
Trd, 024920.346, 118
Trd, 024933.192, 122
Trd, 024935.038, 118
Trd, 024936.577, 123
Trd, 024946.808, 124
Trd, 024984.731, 126
Trd, 024988.154, 128
Trd, 024997.346, 133
Trd, 025006.769, 121
Trd, 025014.538, 113
Trd, 025023.154, 135
Trd, 025040.654, 129
Trd, 025051.308, 125
Trd, 025059.346, 124
Trd, 025077.231, 119
Trd, 025077.423, 124
Trd, 025078.538, 140
Trd, 025081.577, 125
Trd, 025094.577, 139
Trd, 025105.692, 128
Trd, 025107.423, 128
Trd, 025116.385, 134
Trd, 025118.577, 125
Trd, 025123.731, 139
Trd, 025147.192, 141
Trd, 025161.885, 136
Trd, 025168.115, 139
Trd, 025175.308, 140
Trd, 025192.769, 136
Trd, 025196.692, 136
Trd, 025202.577, 142
Trd, 025227.077, 145
Trd, 025227.654, 132
Trd, 025228.731, 128
Trd, 025229.577, 134
Trd, 025244.154, 137
Trd, 025253.808, 142
Trd, 025254.269, 131
Trd, 025262.231, 133
Trd, 025275.154, 124
Trd, 025280.308, 114
Trd, 025284.731, 119
Trd, 025296.346, 102
Trd, 025299.615, 108
Trd, 025302.654, 120
Trd, 025315.615, 120
Trd, 025319.500, 125
Trd, 025319.846, 124
Trd, 025331.115, 118
Trd, 025334.385, 117
Trd, 025341.885, 125
Trd, 025346.923, 107
Trd, 025349.731, 109
Trd, 025356.923, 110
Trd, 025357.038, 112
Trd, 025359.846, 128
Trd, 025359.923, 139
Trd, 025381.346, 106
Trd, 025387.923, 106
Trd, 025389.192, 106
Trd, 025402.731, 117
Trd, 025408.038, 123
Trd, 025409.192, 110
Trd, 025416.346, 115
Trd, 025430.615, 129
Trd, 025435.923, 126
Trd, 025444.346, 117
Trd, 025459.462, 122
Trd, 025463.308, 131
Trd, 025463.923, 125
Trd, 025469.769, 128
Trd, 025479.231, 121
Trd, 025480.423, 122
Trd, 025498.269, 127
Trd, 025499.923, 114
Trd, 025500.923, 113
Trd, 025502.038, 130
Trd, 025509.846, 131
Trd, 025522.577, 120
Trd, 025527.462, 123
Trd, 025529.115, 118
Trd, 025534.231, 113
Trd, 025547.192, 109
Trd, 025563.192, 107
Trd, 025566.038, 123
Trd, 025566.885, 115
Trd, 025575.192, 127
Trd, 025583.923, 122
Trd, 025596.885, 123
Trd, 025636.038, 126
Trd, 025636.500, 126
Trd, 025645.962, 120
Trd, 025653.038, 120
Trd, 025654.692, 126
Trd, 025665.615, 126
Trd, 025671.231, 124
Trd, 025674.308, 134
Trd, 025678.500, 130
Trd, 025679.500, 118
Trd, 025691.538, 129
Trd, 025695.231, 110
Trd, 025701.731, 132
Trd, 025704.692, 134
Trd, 025712.192, 123
Trd, 025725.769, 108
Trd, 025730.462, 115
Trd, 025748.038, 117
Trd, 025751.923, 120
Trd, 025762.231, 117
Trd, 025764.923, 121
Trd, 025771.808, 119
Trd, 025780.000, 114
Trd, 025786.231, 122
Trd, 025791.962, 120
Trd, 025800.615, 127
Trd, 025801.500, 128
Trd, 025803.154, 119
Trd, 025803.846, 131
Trd, 025823.192, 129
Trd, 025825.731, 127
Trd, 025827.577, 126
Trd, 025837.923, 120
Trd, 025847.962, 100
Trd, 025859.346, 111
Trd, 025871.077, 127
Trd, 025877.538, 122
Trd, 025886.654, 105
Trd, 025903.577, 113
Trd, 025913.808, 116
Trd, 025914.308, 104
Trd, 025924.154, 116
Trd, 025926.385, 120
Trd, 025953.000, 123
Trd, 025959.692, 113
Trd, 025980.769, 137
Trd, 025982.115, 141
Trd, 025988.115, 133
Trd, 025994.615, 128
Trd, 026008.385, 127
Trd, 026012.038, 123
Trd, 026027.500, 126
Trd, 026032.154, 111
Trd, 026033.308, 125
Trd, 026053.692, 113
Trd, 026059.654, 126
Trd, 026081.423, 125
Trd, 026086.423, 123
Trd, 026091.846, 124
Trd, 026098.192, 116
Trd, 026109.654, 112
Trd, 026119.000, 122
Trd, 026124.577, 134
Trd, 026134.808, 125
Trd, 026147.385, 125
Trd, 026147.846, 126
Trd, 026148.692, 121
Trd, 026151.423, 122
Trd, 026161.692, 112
Trd, 026165.808, 144
Trd, 026168.385, 123
Trd, 026183.885, 101
Trd, 026190.692, 118
Trd, 026204.885, 115
Trd, 026213.808, 129
Trd, 026222.769, 131
Trd, 026229.115, 128
Trd, 026241.308, 125
Trd, 026244.885, 126
Trd, 026254.500, 117
Trd, 026260.423, 118
Trd, 026261.962, 101
Trd, 026263.500, 130
Trd, 026264.346, 139
Trd, 026278.846, 125
Trd, 026294.808, 120
Trd, 026307.923, 116
Trd, 026308.154, 122
Trd, 026311.538, 116
Trd, 026317.269, 126
Trd, 026331.038, 127
Trd, 026331.654, 128
Trd, 026332.885, 109
Trd, 026338.885, 138
Trd, 026354.500, 110
Trd, 026377.423, 112
Trd, 026388.077, 114
Trd, 026398.885, 118
Trd, 026402.538, 108
Trd, 026418.462, 120
Trd, 026433.731, 133
Trd, 026434.000, 116
Trd, 026450.346, 127
Trd, 026473.577, 113
Trd, 026481.115, 124
Trd, 026483.769, 130
Trd, 026487.846, 121
Trd, 026497.808, 129
Trd, 026502.038, 110
Trd, 026507.308, 114
Trd, 026512.115, 133
Trd, 026515.385, 105
Trd, 026518.731, 112
Trd, 026528.231, 114
Trd, 026529.154, 113
Trd, 026529.923, 115
Trd, 026541.500, 119
Trd, 026543.077, 117
Trd, 026547.846, 129
Trd, 026562.538, 112
Trd, 026584.385, 118
Trd, 026590.154, 117
Trd, 026590.385, 125
Trd, 026614.346, 125
Trd, 026621.615, 116
Trd, 026622.769, 117
Trd, 026634.346, 104
Trd, 026635.962, 101
Trd, 026642.923, 104
Trd, 026651.385, 123
Trd, 026656.038, 125
Trd, 026661.577, 125
Trd, 026676.962, 125
Trd, 026678.654, 116
Trd, 026698.692, 120
Trd, 026702.808, 122
Trd, 026714.769, 109
Trd, 026722.538, 117
Trd, 026729.038, 117
Trd, 026748.269, 124
Trd, 026763.615, 119
Trd, 026775.038, 126
Trd, 026778.731, 126
Trd, 026790.423, 107
Trd, 026792.923, 121
Trd, 026800.038, 128
Trd, 026803.000, 129
Trd, 026816.885, 137
Trd, 026822.000, 142
Trd, 026827.269, 143
Trd, 026832.846, 123
Trd, 026852.038, 138
Trd, 026855.769, 135
Trd, 026865.308, 119
Trd, 026865.962, 120
Trd, 026878.462, 133
Trd, 026879.808, 108
Trd, 026911.962, 125
Trd, 026912.462, 120
Trd, 026930.423, 124
Trd, 026931.615, 135
Trd, 026943.885, 130
Trd, 026952.192, 114
Trd, 026966.231, 119
Trd, 026986.808, 128
Trd, 026995.423, 130
Trd, 026997.538, 136
